content	tags
Bước vào trận đấu, Barcelona nhanh chóng tràn lên tấn công nhưng vấp phải sự kháng cự quyết liệt của Sevilla. Bước ngoặt đến ở phút 22, Raphinha bị phạm lỗi trong vòng cấm và trọng tài đã cho Barcelona hưởng quả phạt đền. Trên chấm 11m, Lewandowski đã ghi bàn mở tỷ số cho Barcelona. Đến phút 28, Pedri đã có bàn nhân đôi cách biệt cho đội chủ nhà trước khi Lewandowski hoàn tất cú đúp cho riêng mình ở phút 39. Hiệp 1 khép lại với tỉ số 3-0 nghiêng về Barcelona. Sang hiệp 2, các chân sút của Barcelona liên tiếp bắn phá khung thành của Sevilla nhưng rất tiếc đều rơi vào thế việt vị. Tuy nhiên, chỉ trong vòng ít phút từ phút 82 đến 88, các khán giả có mặt trên sân Olimpic Lluis Companys đã được chứng kiến tới 3 bàn thắng. Cầu thủ vào sân thay người bên phía Barcelona là Torre lập cú đúp, xen giữa là bàn thắng danh dự của Idumbo bên phía Sevilla. Chung cuộc, Barca thắng Sevilal với tỷ số 5-1. Như vậy, đoàn quân của HLV Hansi Flick củng cố vị trí dẫn đầu trên bảng xếp hạng La Liga, duy trì khoảng cách 3 điểm với đại kình địch Real Madrid. 	La Liga,Sevilla,Olimpic Lluis Companys,đè bẹp,Lewandowski,Barcelona,Raphinha,Pedri,Hansi Flick,tiếp đón,primera,củng cố vị trí,kháng cự,bắn phá,vào sân thay người,nhân đôi cách biệt,tỏa sáng,xen,sân nhà,chấm 11m
"Willian đi vào lịch sử bóng đá xứ samba. Với 1 bàn thắng và 1 pha kiến tạo trong chiến thắng 5-3 của Palmeiras trước Juventude ở vòng 30 Serie A 2024/25 hôm 21/10, Willian cán mốc 10 bàn và 8 kiến tạo ngay trong mùa giải đầu tiên chơi ở hạng đấu cao nhất Brazil. Tài năng trẻ này trở thành cầu thủ U17 in dấu giày trực tiếp vào bàn thắng nhiều nhất trong một mùa giải của Serie A. Kỷ lục trước đó của giải đấu được giữ bởi Neymar, khi cựu sao Santos ghi 10 bàn và có 6 kiến tạo trong cả mùa giải 2008/09. Ở thời điểm đó, tài năng trẻ 17 tuổi mang tên Neymar khiến cả Brazil phát cuồng. Tuy nhiên, Willian hiện có thông số tốt hơn Neymar khi cả hai cùng ở tuổi 17. Estevao ra mắt Serie A Brazil hồi đầu năm, nhưng nhanh chóng trở thành hiện tượng, khi chiếm suất đá chính tại đội đương kim vô địch Palmeiras. “Kể từ sau Neymar, Estevao Wilian là cầu thủ sinh ra ở Brazil hay nhất mà tôi từng thấy”, Branco, thành viên tuyển Brazil vô địch World Cup 1994 bình luận trên Wamo Cast. Ông tiếp tục: “Với tất cả sự tôn trọng dành cho những người khác, mọi thứ tôi nói hoàn toàn nghiêm túc"". Ở tuổi 17, Willian khuấy đảo các hàng thủ tại giải VĐQG Brazil, điều hiếm thấy trong lịch sử. Chính Neymar cũng phải thừa nhận ""Willian là tài năng đang nổi và tôi nghĩ cậu ấy sẽ trở thành một thiên tài”. Chelsea đang rất vui với phong độ hiện tại của Estevao Willian. ""The Blues"" hoàn tất thương vụ mua cầu thủ với giá 65 triệu euro hồi tháng trước. Tiền đạo người Brazil sẽ khoác áo Chelsea vào năm 2025, khi đủ 18 tuổi. "	Estevao Willian,Neymar,giải VĐQG Brazil,Serie A 2024/25,Willian,U17,Palmeiras,thần đồng,phá kỷ lục,Serie A Brazil,Santos,kiến tạo,tuyển Brazil,World Cup 1994,Serie A,in dấu,gây sốt,khuấy đảo,phát cuồng,tài năng trẻ
Giải vô địch ná cao su thế giới năm 2024 đã diễn ra trong hai ngày 19, 20/10 tại Thượng Hải, Trung Quốc. Đoàn Việt Nam tham dự với sự góp mặt của 7 ná thủ xuất sắc. Giải vô địch ná cao su thế giới năm nay diễn ra với ba nội dung thi đấu: Cá nhân ná hiện đại tự chọn; Cá nhân ná truyền thống và Đồng đội. Các ná thủ Việt Nam gặt hái nhiều thành tích tại giải vô địch Ná cao su thế giới. Tại các nội dung thi đấu cá nhân, đoàn Việt Nam đạt kết quả với 4/7 vận động viên lọt vào vòng bán kết nội dung ná hiện đại tự chọn, 1 vận động viên xếp thứ 24; 1 vận động viên xếp thứ 32 thế giới; 4/7 vận động viên lọt vào vòng bán kết nội dung ná truyền thống. Ở nội dung thi đấu Đồng đội, đoàn Việt Nam xuất sắc giành giải Ba chung cuộc. Trong khuôn khổ của Giải, Đoàn Việt Nam cũng đã tham dự Hội nghị Hiệp hội Ná cao su thế giới nhằm thúc đẩy việc đưa bộ môn ná cao su trở thành nội dung thi đấu chính thức của Olympic trong thời gian tới. 	ná cao su,giải vô địch,giải Ba,Thượng Hải,đồng đội,vận động viên,nhận giải,đạt kết quả,thi đấu,gặt hái,Olympic,thế giới,bộ môn,lọt vào,bán kết,Trung Quốc,chung cuộc,Việt Nam,góp mặt
Mục tiêu lớn Phó Thủ tướng Chính phủ Lê Thành Long vừa ký Quyết định số 1189/QĐ-TTg ngày 15/10/2024 phê duyệt Chiến lược phát triển thể dục, thể thao Việt Nam đến năm 2030, tầm nhìn đến năm 2045. Chiến lược đặt mục tiêu xây dựng nền thể dục, thể thao phát triển bền vững, chuyên nghiệp. Mọi người dân đều được tiếp cận, thụ hưởng các dịch vụ thể dục, thể thao, nâng cao sức khỏe, thể lực và chất lượng cuộc sống. Đồng thời nâng cao thành tích của thể thao Việt Nam, từng bước tiệm cận, tiến tới ngang tầm các nước có nền thể thao phát triển tại châu Á. Mở rộng thị trường thể thao, huy động và sử dụng hiệu quả các nguồn lực trong phát triển sự nghiệp thể dục, thể thao. Đặc biệt, Chiến lược đặt mục tiêu đến năm 2045, thể thao thành tích cao thường xuyên duy trì trong top 2 tại các kỳ SEA Games, trong top 15 tại các kỳ Asiad và top 50 tại các kỳ Olympic. Bóng đá nam trong top 8 châu Á và giành quyền tham dự World Cup; bóng đá nữ trong top 6 châu Á và giành quyền tham dự các kỳ World Cup. Mạng lưới cơ sở thể thao quốc gia hiện đại, đủ điều kiện đăng cai Asiad, trong đó ít nhất 50% các tỉnh, TP trực thuộc T.Ư có đủ 3 công trình thể thao cơ bản đạt tiêu chuẩn tổ chức thi đấu quốc tế; 100% đơn vị hành chính cấp huyện có đủ 3 công trình thể thao cơ bản đáp ứng tiêu chí, tiêu chuẩn quy định. Cần lộ trình cụ thể, rõ ràng Trong lịch sử, Việt Nam mới chỉ có hai lần đăng cai tổ chức Đại hội Thể thao Đông Nam Á (SEA Games) vào các năm 2003 và 2022 tại Hà Nội. Việt Nam cũng từng đăng cai Đại hội Thể thao châu Á trong nhà dành cho các môn thi đấu trong nhà tại Hà Nội và đăng cai Đại hội Thể thao bãi biển châu Á tại Đà Nẵng năm 2016 nhưng quy mô hẹp, tính chất chuyên môn không cao. Nhìn lại quá khứ, Việt Nam từng xây dựng kế hoạch và đã được Hội đồng Olympic châu Á (OCA) đồng ý cho đăng cai Asiad 2018 tại Hà Nội. Tuy nhiên, vì không đáp ứng được nhiều điều kiện, sau đó Chính phủ đã xin rút không đăng cai Đại hội và Indonesia là quốc gia được lựa chọn đăng cai Asiad 18 diễn ra năm 2019. Nguyên nhân xin rút là Việt Nam đang đối mặt với nhiều khó khăn, thách thức chung về kinh tế và chưa có kinh nghiệm tổ chức sự kiện thể thao lớn như Asiad. Được biết, đề án đăng cai Asiad 18 được Việt Nam đưa ra với chi phí tổ chức là 150 triệu USD, thấp hơn rất nhiều so với các kỳ Asiad trước đó (Asiad Busan năm 2002: 2,9 tỷ USD; Doha 2006: 2,8 tỷ USD; Quảng Châu 2010: 20 tỷ USD; Incheon 2014: 1,6 tỷ USD). Lý do là bởi Việt Nam đã có sẵn khoảng 35 công trình như: sân vận động Mỹ Đình, Cung Thể thao dưới nước, Trung tâm Huấn luyện thể thao quốc gia Hà Nội... từ thời tổ chức SEA Games 2003 và Asian Indoor Games 2009, chiếm khoảng 70% và chỉ cần nâng cấp là sử dụng được; 30% còn lại được triển khai xây mới. Ngoài các công trình có sẵn thời điểm đó, Việt Nam cần xây mới một số công trình như sân đua xe đạp lòng chảo, làng vận động viên, nhà thi đấu đa năng, trường bắn súng, trường bắn đĩa bay, sân tập luyện và đua ngựa, cụm sân tennis... Đăng cai tổ chức Asiad là sự kiện lớn của châu lục, khác hoàn toàn với SEA Games bởi nhiều nội dung thi đấu, sự cạnh tranh quyết liệt và yêu cầu chuyên môn buộc nước chủ nhà phải đáp ứng mọi điều kiện. Ở thời điểm hiện tại, điều kiện đáp ứng trong việc tổ chức Đại hội thể thao lớn của Việt Nam là chưa khả thi khi cơ sở vật chất còn nhiều hạn chế, chưa nói đến yếu tố chuyên môn. Thành tích tại Asiad 19 tại Hàng Châu (Trung Quốc) năm 2023 của thể thao Việt Nam còn kém xa so với các nước của châu lục, thậm chí còn tụt lại so với khu vực Đông Nam Á. Trên thực tế, các sự kiện thể dục thể thao lớn đã được tổ chức tại Việt Nam và trên thế giới cho thấy nguồn thu hầu như không bù đắp đủ chi phí và hiệu quả sử dụng nhiều công trình sau khi tổ chức là không cao. Do đó, theo các chuyên gia, việc Việt Nam phấn đấu đăng cai tổ chức Asiad trong giai đoạn 2031 - 2045 là chính đáng nhưng cần lộ trình cụ thể, tránh những rủi ro khi đã có bài học nhãn tiền. Điều khả thi nhất đó là liên kết với các quốc gia khác trong khu vực Đông Nam Á để đăng cai tổ chức, trong đó Indonesia là quốc gia có kinh nghiệm khi từng đăng cai Asiad 18 diễn ra năm 2019. 	đăng cai,Đại hội Thể thao châu Á,ASIAD,thể dục,Quyết định số 1189/QĐ-TTg,phấn đấu,OCA,Đại hội Thể thao Đông Nam Á,chiến lược phát triển,Asian Indoor Games 2009,Incheon 2014,Hội đồng Olympic châu Á,ASIAD 18,Cung thể thao dưới nước,thể thao,Đại hội thể thao trong nhà châu Á,tầm nhìn,SEA Games,Đại hội Thể thao Đông Nam Á 2003,Lê Thành Long
Ngày 20-10, Giải bơi và lặn vô địch quốc gia năm 2024 đã kết thúc tại Đà Nẵng sau khi hoàn tất thi đấu các nội dung môn lặn. Ở giải lặn năm nay, kình ngư Vũ Đặng Nhật Nam tiếp tục thể hiện phong độ cao mang về cho Đồng Nai tới 4 huy chương vàng (HCV) ở các nội dung: 100m, 200m, 400m nam chân vịt đôi (CVĐ); nhiều hơn 1 HCV so với năm trước ở nội dung 50m. Trong đó, Nhật Nam xuất sắc bảo vệ thành công 3 tấm HCV ở nội dung (100m, 200m, 400m CVĐ). Đây cũng là năm thứ ba liên tiếp, kình ngư Đồng Nai đạt HCV ở cả 3 nội dung này. Trước đó, Nhật Nam đạt HCV ở các năm 2020, 2022, 2023. Tấm HCV thứ 5 của lặn Đồng Nai do các vận động viên: Nguyễn Ngọc Huynh, Lê Thị Thanh Tuyền, Vũ Đặng Nhật Nam, Thạch Thị Diễm My ở nội dung tiếp sức 4x100 CVĐ mix. Đây là năm thứ năm liên tiếp kể từ năm 2020, các kình ngư Đồng Nai đạt HCV nội dung này. Trong khi Nguyễn Lê Truyền Đạt giành 2 huy chương bạc (200m, 400m nam CVĐ) và Thạch Thị Diễm My: 1 huy chương bạc 100m nữ CVĐ. Như vậy, kết thúc giải, đoàn Đồng Nai giành được tổng cộng 5 HCV, 3 HCB, 3 HCĐ và xếp hạng ba toàn đoàn. Trong khi đó, Hà Nội dẫn đầu toàn đoàn môn lặn với 9 HCV, 7 HCB, 3 HCĐ và Thành phố Hồ Chí Minh xếp hạng nhì với 7 HCV, 4 HCB, 5 HCĐ. Trước đó ở môn bơi, đoàn Đồng Nai giành được 1 huy chương bạc (50m ngửa) và 1 huy chương đồng 100m ngửa đều do công của kình ngư Lê Quỳnh Như. Giải năm nay diễn ra từ ngày 10 đến 20-10, thu hút sự tham dự của 283 vận động viên (VĐV) nam, nữ (môn bơi có 122 VĐV và môn lặn có 161 VĐV) đến từ 23 đơn vị, tỉnh, thành phố trên cả nước có phong trào bơi, lặn phát triển mạnh trên cả nước 	toàn đoàn,lặn,Vũ Đặng Nhật Nam,Nguyễn Lê Truyền Đạt,vô địch quốc gia,hạng Ba,CVĐ,bơi,Đồng Nai,Lê Quỳnh Như,Lê Thị Thanh Tuyền,Nguyễn Ngọc Huynh,kình ngư,Nhật Nam,chân vịt,Huy chương Bạc,Huy chương Vàng,mix,Huy chương Đồng,vận động viên
Đồng chí Giàng Thị Dung, Phó Chủ tịch UBND tỉnh, Trưởng Ban tổ chức địa phương Giải bóng chuyền vô địch quốc gia Cúp Hóa chất Đức Giang năm 2024 và Giải đua xe đạp quốc tế “Một đường đua hai quốc gia” Lào Cai, Việt Nam - Hồng Hà, Trung Quốc năm 2024 chủ trì cuộc họp. Theo báo cáo của Sở Văn hóa - Thể thao, đến thời điểm này, công tác chuẩn bị cơ sở vật chất cho Giải bóng chuyền vô địch quốc gia Cúp Hóa chất Đức Giang năm 2024 (như sân bãi luyện tập, thi đấu, trang thiết bị, dụng cụ phục vụ thi đấu, màn hình LED chất lượng cao, bảng điểm điện tử, bảng điểm lật tay mini trên bàn thư ký, chuông báo hội ý...) đã cơ bản hoàn tất, đảm bảo tiêu chuẩn thi đấu quốc gia. Đội bóng chuyền nữ Quảng Ninh đã có mặt tại thành phố Lào Cai từ ngày 10/10, tích cực tập luyện tại Nhà thi đấu đa năng tỉnh Lào Cai. Nhà thi đấu đa năng tỉnh đang lắp đặt 30 quạt hơi nước, phấn đấu xong trước ngày 1/11. Đơn vị cung cấp internet là Viettel và VNPT đã hoàn thành các đường truyền có dây tốc độ cao cho các phòng chức năng theo yêu cầu… Giải bóng chuyền vô địch quốc gia Cúp Hóa chất Đức Giang năm 2024 có 9 đội bóng tham gia, gồm: Hóa chất Đức Giang Lào Cai; Binh chủng Thông tin - Trường Tươi Bình Phước; VTV Bình Điền Long An; LPBank Ninh Bình; Xi măng Long Sơn, Thanh Hóa; Ngân hàng Công Thương; Quảng Ninh; Geleximco Thái Bình; Hà Nội. Dự kiến Giải bóng chuyền vô địch quốc gia Cúp Hóa chất Đức Giang năm 2024 được bán vé trực tiếp từ ngày 1/11, tại 6 điểm của Trung tâm Huấn luyện và Thi đấu thể dục, thể thao tỉnh; lễ khai mạc được tổ chức vào 19 giờ ngày 7/11, lễ bế mạc tổ chức vào 21 giờ ngày 17/11 tại Nhà thi đấu đa năng tỉnh. Đối với Giải đua xe đạp quốc tế “Một đường đua hai quốc gia” Lào Cai, Việt Nam - Hồng Hà, Trung Quốc năm 2024, Sở Văn hóa - Thể thao đã tham mưu tổ chức đoàn đại biểu của Lào Cai tham gia hội đàm với châu Hồng Hà, Trung Quốc và thống nhất một số nội dung của giải. Đến ngày 21/10 có hơn 30 đầu mối các câu lạc bộ xe đạp trên toàn quốc nhận lời đăng ký tham dự giải. Ngoài ra, Sở Văn hóa - Thể thao cũng thường xuyên liên lạc với Ban tổ chức phía Trung Quốc thống nhất về công tác chuyên môn, đại biểu, khách mời, trọng tài… Ngày 15/10 đã thực hiện xong khảo sát, lên sơ đồ đường đua 2 nội dung thi đấu, gồm đua xe đường trường và đua xe địa hình băng đồng. Các điều kiện về cơ sở vật chất phục vụ công tác tổ chức giải như: Phòng họp chuyên môn, thuê xe đưa đón vận động viên đi và về (từ khu vực xuất phát nội dung đua đường trường và địa hình hỗn hợp lên khu vực Cửa khẩu Quốc tế Lào Cai để làm thủ tục kiểm soát xuất - nhập cảnh) đã được chuẩn bị. Lễ khai mạc Giải đua xe đạp quốc tế “Một đường đua hai quốc gia” Lào Cai, Việt Nam - Hồng Hà, Trung Quốc năm 2024 sẽ diễn ra vào 7 giờ 30 phút ngày 30/11/2024, tại Quảng trường thành phố Lào Cai (phường Kim Tân). Tại cuộc họp, thành viên Ban tổ chức hai giải đấu đã thảo luận, đưa ra các giải pháp để tổ chức thành công 2 giải đấu, trong đó tập trung vào công tác đảm bảo an ninh trật tự, bán vé, y tế, vệ sinh an toàn thực phẩm, tuyên truyền, quảng bá, bố trí chỗ ăn và nghỉ cho các đoàn, xuất - nhập cảnh của các vận động viên Trung Quốc… Phát biểu kết luận cuộc họp, đồng chí Giàng Thị Dung, Phó Chủ tịch UBND tỉnh khẳng định: Giải bóng chuyền vô địch quốc gia Cúp Hóa chất Đức Giang năm 2024 và Giải đua xe đạp quốc tế “Một đường đua hai quốc gia” Lào Cai, Việt Nam - Hồng Hà, Trung Quốc năm 2024 là những giải thể thao lớn, uy tín, có sức hút với đông đảo người hâm mộ trong và ngoài nước, vì thế các cấp, ngành, địa phương liên quan cần nêu cao tinh thần trách nhiệm, chủ động, tích cực trong công tác chuẩn bị, phối hợp để tổ chức thành công các giải đấu. Trong đó, cần tập trung vào công tác tuyên truyền, quảng bá hình ảnh 2 giải đấu trên các phương tiện thông tin đại chúng; các thông tin liên quan đến 2 giải đấu cần được đưa sớm, đủ để kịp thời lan tỏa đến người dân và du khách thập phương; đảm bảo tuyệt đối an toàn tại các giải đấu, đặc biệt là với các vận động viên nước ngoài; nghiên cứu, triển khai thực hiện phương án bán vé khoa học, chặt chẽ, hạn chế thấp nhất tình trạng phe vé; trang trí khánh tiết phải đảm bảo các nguyên tắc chung, hài hòa. Với kinh nghiệm từng tổ chức các giải thể thao lớn, tầm cỡ quốc tế thời gian qua, chúng ta quyết tâm tổ chức thành công Giải bóng chuyền vô địch quốc gia Cúp Hóa chất Đức Giang năm 2024 và Giải đua xe đạp quốc tế “Một đường đua hai quốc gia” Lào Cai, Việt Nam - Hồng Hà, Trung Quốc năm 2024, góp phần nâng cao vị thế, uy tín và quảng bá hình ảnh đất và người Lào Cai đến bạn bè trong nước, quốc tế. 	Hồng Hà,Giàng Thị Dung,đua xe đạp,Lào Cai,LPBank Ninh,Trường Tươi Bình Phước,Xi măng Long Sơn,cuộc họp,Binh chủng Thông tin,Geleximco Thái Bình,châu Hồng Hà,đường đua,bảng điểm,VTV Bình Điền Long An,Sở Văn hóa,nhà thi đấu,giải thể thao,quyết tâm,đường trường,bán vé
"Erling Haaland gần như mất hút ở trận Wolves và Man City tại vòng 8 Ngoại hạng Anh cuối tuần qua. Nhờ hai pha lập công từ hai hậu vệ, đội của Pep Guardiola giành chiến thắng 2-1 đầy kịch tính trước ""Bầy sói"".  Sự sa sút Trong chiến thắng ấy, Haaland chỉ chạm bóng 13 lần, để mất 5 trong số đó và không sút nổi dù chỉ một lần (Opta). Ngoài ra, Haaland cũng không thắng bất kỳ cuộc đấu tay đôi nào với các cầu thủ Wolves. Thống kê này thật khó tin với một chân sút ghi tới 10 bàn chỉ sau 5 vòng đầu tiên Premier League 2024/25. Ba vòng gần nhất tại Ngoại hạng Anh, Haaland không ghi bàn. Trùng hợp thay, chuỗi phong độ kém cỏi của anh đi liền với sự vắng mặt của De Bruyne. Cả ba trận Haaland không ghi bàn đều là ba trận tiền vệ Bỉ vắng mặt vì chấn thương. Khi có De Bruyne trên sân tại Premier League 2024/25, Haaland ghi tới 9 bàn chỉ sau 4 trận. Vắng tiền vệ người Bỉ, Haaland chơi 4 trận và chỉ ghi 1 bàn. ""Tôi nghĩ Erling (Haaland) cần một người có tầm nhìn, phẩm chất và khả năng chuyền bóng để khai thác tốc độ và sự di chuyển của cậu ấy"", Pep Guardiola đánh giá. ""Kevin (De Bruyne) cũng cần sự di chuyển của Erling để có thể nổi bật hơn"". Tương lai  Các con số thống kê không nói dối. Khi De Bruyne ra sân tại Premier League, Haaland ghi 54 bàn thắng (với 7 cú hat-trick) Những con số trên giảm đi tới 47% khi ngôi sao tuyển Bỉ không có mặt trên sân. Trận đấu với Wolverhampton là một ví dụ rõ ràng. Man City không thể gây ra nguy hiểm cho hàng phòng ngự đối thủ. Haaland bị cô lập, nhận rất ít đường chuyền sáng nước từ đồng đội. Điều tương tự cũng xảy ra khi Man City đối đầu Newcastle và Fulham trước đó. Từ đầu mùa, De Bruyne là người dẫn đầu đội hình Man City về các thông số chuyền bóng quan trọng (trung bình trên 90 phút) như đường chuyền quyết định (4), phát triển bóng (11,8) và tạt bóng (7,25). Guardiola đang sử dụng Kovacic như ""Rodri mới"", nhưng ông chưa tìm được người thay thế De Bruyne. Họ cần tiền vệ người Bỉ trở lại nhanh chóng, bởi Haaland đang cho thấy sự sa sút. Pep chưa thể tìm ra cách giúp trung phong người Na Uy tỏa sáng khi Man City mất chân chuyền số một. Mọi thứ sẽ còn đáng ngại hơn khi hợp đồng của De Bruyne với đội chủ sân Etihad hết hạn vào tháng 6/2025. Rất nhiều vấn đề khó đang chờ Pep giải quyết. "	Erling Haaland,Premier League 2024/25,Na Uy,Wolves,De Bruyne,tịt ngòi,Kevin,Opta,Pep,Rodri,tuyển Bỉ,Wolverhampton,Kovacic,sa sút,mất hút,chuỗi,Josep Guardiola,tay đôi,sói,chuyền bóng
Giải đấu khởi tranh từ ngày 13/10 đến ngày 20/10, thu hút 10 đội bóng đến từ các đơn vị xã, phường trên địa bàn thị xã. Các đội bóng chia làm 3 bảng thi đấu theo thể thức vòng tròn một lượt tính điểm, chọn ra 4 đội có thành tích xuất sắc tranh tài tại vòng bán kết, chung kết. Với tinh thần thể thao, đoàn kết, trung thực, cao thượng, các đội bóng thi đấu hết mình, cống hiến cho khán giả nhiều trận đấu hay, hấp dẫn, kịch tính. Kết thúc giải, Ban Tổ chức trao giải nhất cho đội bóng phường Trảng Bàng; giải nhì thuộc về đội bóng phường An Hòa; giải ba là đội bóng phường Gia Lộc. 	Trảng Bàng,Trung tâm Văn hóa,thiếu niên,sôi nổi,thị xã,bế mạc,cao thượng,Gia Lộc,An Hòa,giải Nhất,thể thức,khởi tranh,vòng tròn,bóng đá,chọn ra,chia làm,tranh tài,trung thực,giải Ba,giải Nhì
Chiều 21-10, tại thành phố Hồ Chí Minh, Tạp chí Gia đình Việt Nam phối hợp với Công đoàn Cục Báo chí - Bộ Thông tin và Truyền thông, Hội Nhà báo Việt Nam tổ chức họp báo công bố Giải bóng đá các cơ quan báo chí toàn quốc - Press Cup 2024 khu vực phía Nam. Phát biểu tại họp báo, nhà báo Trần Trọng Dũng, Phó Chủ tịch Hội Nhà báo Việt Nam phụ trách khu vực phía Nam, Trưởng ban chỉ đạo Giải cho biết, Giải Bóng đá các Cơ quan Báo chí toàn quốc Press Cup lần thứ 8 năm 2024 khu vực phía Nam sẽ chính thức khai mạc lúc 7h30 ngày 23-10 tại Sân vận động Tao Đàn (Số 1 Huyền Trân Công Chúa, quận 1, thành phố Hồ Chí Minh). Theo Ban tổ chức, ngoài các đội bóng đến từ các cơ quan báo chí đóng trên địa bàn thành phố Hồ Chí Minh như: Báo Sài Gòn Giải Phóng, Người Lao Động, Đài tiếng nói Nhân dân thành phố Hồ Chí Minh VOH, Đài truyền hình thành phố, Trung tâm truyền hình Việt Nam tại thành phố Hồ Chí Minh (VTV9)…, năm nay có sự tham dự của đội bóng đến từ Đài Phát thanh và Truyền hình Tây Ninh. 12 đội bóng sẽ chia thành 3 bảng và thi đấu các lượt trận ở vòng bảng để tìm ra 2 đội mạnh nhất tham dự vòng chung kết toàn quốc sẽ diễn ra tại tỉnh Thái Nguyên vào tháng 11 tới. Theo Ban tổ chức, Giải đấu có ý nghĩa đẩy mạnh phong trào rèn luyện thể dục thể thao trong cán bộ, nhân viên, phóng viên, biên tập viên, nhà báo tại các cơ quan báo chí từ Trung ương đến địa phương. Qua đó, Giải tạo sân chơi, nâng cao thể chất, đời sống văn hóa tinh thần, tăng cường sự giao lưu, học hỏi giữa cán bộ, nhân viên, phóng viên, biên tập viên, các nhà báo trong mỗi cơ quan báo chí và giữa các cơ quan báo chí với nhau. Cơ cấu giải thưởng mùa giải Press Cup 2024: 1/ Giải Nhất: Cúp, huy chương vàng, cờ, 15 triệu đồng 2/ Giải Nhì: Huy chương bạc, cờ, 8 triệu đồng 3/ Giải Ba: Huy chương đồng, cờ và 5 triệu đồng 4/ Cầu thủ ghi nhiều bàn thắng nhất giải: Cờ, 2 triệu đồng 5/ Thủ môn xuất sắc nhất: Cờ, 2 triệu đồng 6/ Tổ trọng tài xuất sắc: Cờ, 2 triệu đồng 7/ Giải phong cách: Cờ, 2 triệu đồng 	Press Cup 2024,giải bóng đá,cơ quan báo chí,TP Hồ Chí Minh,Công đoàn Cục Báo chí,Trần Trọng Dũng,sân vận động Tao Đàn,Press Cup,khai mạc,vòng loại,toàn quốc,Hội Nhà báo Việt Nam,phía Nam,Huyền Trân,VTV9,bốc thăm chia bảng,giải đấu,nhà báo,biên tập viên,từ Trung ương đến địa phương
Giải vô địch Karate quốc gia lần thứ 33 năm 2024 diễn ra tại tỉnh Điện Biên từ ngày 18 - 22/10/2024. Tham dự giải có 38 đoàn với gần 400 VĐV, trong đó có nhiều VĐV nằm trong thành phần đội tuyển quốc gia. Các vận động viên tham gia tranh tài ở 2 nội dung là Kata và Kumite dành cho nam và nữ, tranh tài 30 bộ huy chương. Đoàn Hà Tĩnh có 8 VĐV tham gia và giành được 5 huy chương các loại (2 HCV, 1 HCB, 2 HCĐ). 2 HCV thuộc về VĐV Hoàng Thị Mỹ Tâm nội dung đối kháng hạng cân 62 kg; các VĐV Hoàng Thị Mỹ Tâm, Kiều Thị Quỳnh Như, Nguyễn Thị Bảo Ngọc nội dung đồng đội nữ. 1 HCB thuộc về VĐV Nguyễn Thị Bảo Ngọc nội dung đối kháng hạng cân 65 kg. 2 HCĐ thuộc về VĐV Hoàng Thị Mỹ Phương nội dung đối kháng hạng cân 56kg; VĐV Nguyễn Đình Việt nội dung đối kháng hạng cân 78kg. 	Nguyễn Thị Bảo Ngọc,Hoàng Thị Mỹ Tâm,huy chương,đội tuyển Karate Quốc gia,Huy chương Bạc,Hà Tĩnh,Kumite,Huy chương Đồng,Nguyễn Đình Việt,Huy chương Vàng,Kata,hạng cân,đối kháng,giành được,Karatedo,vận động viên,kế cận,trao đổi kinh nghiệm,tranh tài,Điện Biên
Các nội dung của quyền biểu diễn đã tranh tài đầu tiên trong ngày 21-10 tại nhà thi đấu tỉnh Gia Lai. Tại ngày thi đấu, nữ tuyển thủ có gương mặt khả ái Châu Tuyết Vân tiếp tục thể hiện phong độ cao, giành HCV cho taekwondo TPHCM. Ở nội dung quyền dành cho đôi nam-nữ, võ sỹ TPHCM đã chiếm trọn 2 HCV. Châu Tuyết Vân cùng Nguyễn Thiên Phụng phối hợp thực hiện bài trình diễn xuất sắc nhất thuyết phục các trọng tài và giành điểm tuyệt đối, nhận HCV nội dung quyền tiêu chuẩn đôi nam-nữ. Đây là HCV đầu tiên của Châu Tuyết Vân tại giải vô địch quốc gia năm nay. Trong khi đó, cặp võ sỹ Nguyễn Hải Trang, Tạ Bảo Quang thi đấu áp đảo trong nội dung quyền sáng tạo đôi nam-nữ, giành HCV. Ở nội dung quyền sáng tạo cá nhân nam, võ sỹ Hồ Thanh Ân của TPHCM được chấm điểm cao nhất và giành HCV. Trong nội dung này, võ sỹ Nguyễn Xuân Thành (Hà Nội) nỗ lực thể hiện nhưng không vượt qua được Thanh Ân nên xếp vị trí hạng nhì. Ngay sau đó tại nội dung quyền tiêu chuẩn đồng đội nam, đội TPHCM với Lê Thanh Trung, Nguyễn Văn Đáng, Nguyễn Quang Trí có bài biểu diễn tốt, giành HCV. Đáng tiếc, đội nữ TPHCM gồm Nguyễn Thị Hồng Trang, Nguyễn Thành Hiền Linh và Trần Cao Cẩm Tiên chỉ có được ngôi á quân do thua đội nữ Vĩnh Long trong chung kết. Tấm HCV thứ 5 của đội quyền taekwondo TPHCM thuộc về nhóm tuyển thủ Nguyễn Thanh Hiền Linh, Hồ Ngọc Anh Thư, Nông Thạch Khiêm, Trần Đăng Khoa, Nguyễn Ngọc Minh Hy tại nội dung quyền sáng tạo đồng đội. Tạm thời taekwondo TPHCM có 5 HCV, 3 HCB nên đứng vị trí số 1. Đơn vị Bình Thuận, An Giang, Hà Nội ở các vị trí tiếp theo. Giải taekwondo vô địch quốc gia 2024 còn tranh tài tới ngày 26-10. 	Châu Tuyết Vân,Huy chương Vàng,giải vô địch quốc gia,võ sĩ,Nguyễn Hải Trang,Nguyễn Thiên Phụng,Nguyễn Ngọc Minh Hy,Nguyễn Văn Đáng,đội TPHCM,Nguyễn Quang Trí,Nguyễn Thị Hồng Trang,Lê Thanh Trung,Nguyễn Xuân Thành,Trần Đăng Khoa,khả ái,được chấm,nhà thi đấu,giành điểm,tranh tài,giải vô địch
"Ngôi sao người Qatar nhận 18% số phiếu bầu, về đích ở vị trí thứ nhất. Xếp sau anh là Son Heung-min (16,8%) và Soufiane Rahimi (11,4%). Cristiano Ronaldo và Aleksandar Mitrovic, hai tay săn bàn hàng đầu ở giải Saudi Pro League, xếp thứ 4 và 5 trong cuộc bầu chọn. Giải thưởng này được trao bởi Titan Sports, khác với giải Cầu thủ hay nhất năm do Liên đoàn Bóng đá Châu Á (AFC) trao tặng, dành cho những cầu thủ thi đấu trong và ngoài châu Á. Akram Afif, 27 tuổi, là ngôi sao hàng đầu của bóng đá Qatar trong nhiều năm gần đây. Đỉnh cao của Afif là cú hat trick trong trận chung kết Asian Cup 2024 hồi tháng 2, giúp Qatar đánh bại Jordan với tỷ số 3-1. Anh cũng là vua phá lưới của giải với 8 bàn. Chiến thắng của Afif giúp kết thúc sự thống trị của ngôi sao Hàn Quốc Son Heung-min, người đã nhận giải này trong 7 năm liên tiếp trước đó. Akram Afif đang thi đấu tại Al Sadd. Mùa giải trước, anh ghi 26 bàn thắng, giành ngôi vua phá lưới tại giải Qatari Stars League, đồng thời giúp Al Sadd lên ngôi vô địch. Trước khi trở về Qatar, Akram Afif có thời gian thi đấu tại châu Âu cho Eupen (Bỉ) và Villarreal, Sporting Gijon (Tây Ban Nha) nhưng không thành công. Akram Afif cũng là cầu thủ đầu tiên giành giải thưởng này khi thi đấu cho một CLB thuộc AFC. Trước đó, Son Heung-min thắng giải vào năm 2014 khi còn chơi cho Bayer Leverkusen (Đức). Trong khoảng thời gian từ năm 2014 đến nay, chỉ có Keisuke Honda và Shinji Okazaki là đối thủ cạnh tranh danh hiệu với Son. Giải thưởng ""Cầu thủ hay nhất châu Á 2023"" được tổ chức bởi Titan Sports (Trung Quốc), lấy lá phiếu từ các chuyên gia, cựu cầu thủ, HLV và những nhà báo am hiểu bóng đá châu Á. Khác với mọi năm, khi giải thưởng được tính trong một năm dương lịch, giải Quả bóng vàng châu Á 2024 được tính từ ngày 1/1 đến 15/8. Titan Sports áp dụng cách tính thành tích tương tự những giải lớn trên thế giới. "	Akram Afif,Titan Sports,Afif,Son Heung-min,Soufiane Rahimi,Cristiano Ronaldo,Qatar,Al Sadd,Asian Cup 2024,tuyển Qatar,hat,Saudi Pro League,Aleksandar Mitrovic,trick,Liên đoàn Bóng đá châu Á,Shinji Okazaki,giành giải,Keisuke Honda,Sporting Gijon,giải lớn
Kết thúc các nội dung thi đấu, đoàn Hưng Yên giành được 6 huy chương (2 Huy chương Vàng, 3 Huy chương Bạc, 1 Huy chương Đồng), xếp thứ 3 toàn đoàn. Hai Huy chương Vàng thuộc về VĐV Nguyễn Thị Thảo ở nội dung đối kháng hạng 55kg và cặp VĐV Nguyễn Thị Mỹ Dung, Phạm Thị Thanh Dung ở nội dung biểu diễn quyền đôi nữ. Kết quả thi đấu của các VĐV tại giải là cơ sở để các nhà chuyên môn tuyển chọn những gương mặt tài năng, bổ sung cho đội tuyển quốc gia tham gia các giải Pencak Silat khu vực và quốc tế. 	Pencak Silat quốc gia,huy chương,Hưng Yên,vận động viên,Bà Rịa – Vũng Tàu,đối kháng,hạng cân,Nguyễn Thị Mỹ Dung,giải vô địch,Nguyễn Thị Thảo,quy tụ,đôi nữ,tranh tài,Pencak Silat,toàn đoàn,biểu diễn,nhà chuyên môn,đội tuyển,Huy chương Vàng,Huy chương Bạc
Phát biểu giao nhiệm vụ, Tổng Bí thư Tô Lâm nhấn mạnh, Bộ Chính trị đã thống nhất cao đồng ý phân công ông Trần Cầm Tú đảm nhiệm chức danh Thường trực Ban Bí thư. Tổng Bí thư Tô Lâm cũng cho biết Bộ Chính trị hoàn toàn tin tưởng ông Trần Cẩm Tú, một lãnh đạo cấp cao, đã được đào tạo cơ bản, trưởng thành từ cơ sở, có chuyên môn sâu và nhiều kinh nghiệm công tác, đã kinh qua nhiều chức vụ lãnh đạo quan trọng của Đảng ở Trung ương và địa phương. Đặc biệt, với cương vị Chủ nhiệm Ủy ban Kiểm tra Trung ương, ông Trần Cẩm Tú đã cùng tập thể Ủy ban Kiểm tra Trung ương thực hiện tốt nhiệm vụ kiểm tra, giám sát, tham mưu cho Bộ Chính trị, Ban Bí thư xem xét, kết luận và xử lý nghiêm minh, kịp thời nhiều vụ việc mới, khó khăn, phức tạp, nghiêm trọng, góp phần quan trọng vào thành công của công tác xây dựng, chỉnh đốn Đảng và hệ thống chính trị, công tác phòng, chống tham nhũng, tiêu cực trong thời gian qua. Vì vậy, Tổng Bí thư Tô Lâm đề nghị ông Trần Cẩm Tú nhanh chóng tiếp cận và thực hiện tốt chức trách, nhiệm vụ, cùng Tổng Bí thư lãnh đạo, chỉ đạo giải quyết tốt công việc hằng ngày của Đảng; chỉ đạo Văn phòng Trung ương Đảng cùng các cơ quan liên quan tổ chức thực hiện tốt chương trình làm việc; chỉ đạo, phối hợp hoạt động của bộ máy đảng ở Trung ương, bảo đảm sự hoạt động nhịp nhàng, thống nhất, đồng bộ của hệ thống chính trị. Phát biểu tại buổi lễ, Thường trực Ban Bí thư Trần Cẩm Tú đã trân trọng cảm ơn Tổng Bí thư Tô Lâm, Bộ Chính trị, Ban Bí thư đã tin tưởng giao phó nhiệm vụ quan trọng của Đảng. Đây là sự ghi nhận, động viên và cũng là yêu cầu đặt ra đối với cá nhân để tiếp tục phấn đấu, rèn luyện, nỗ lực cố gắng hoàn thành nhiệm vụ được giao. Ông Trần Cẩm Tú cũng nhấn mạnh, đây là vinh dự lớn lao, đồng thời là trách nhiệm nặng nề vào thời điểm cả nước đang tập trung nỗ lực thực hiện thắng lợi Nghị quyết Đại hội XIII của Đảng; tích cực triển khai công tác chuẩn bị đại hội đảng các cấp tiến tới Đại hội lần thứ XIV của Đảng, Đại hội đánh dấu giai đoạn phát triển mới của đất nước, kỷ nguyên vươn mình của dân tộc. Do đó, ông Tú khẳng định sẽ kế thừa và phát huy kinh nghiệm của những người đi trước để đáp ứng được yêu cầu ngày càng cao của Đảng và nhân dân. Với khối lượng công việc lớn, ông mong muốn tiếp tục nhận được sự phối hợp, chia sẻ, hỗ trợ, giúp đỡ của các cơ quan, đơn vị để hoàn thành tốt nhiệm vụ. 	Trần Cẩm Tú,Thường trực Ban Bí thư,Tô Lâm,Trần Cầm Tú,Ủy ban Kiểm tra Trung ương,Tổng Bí thư,Bộ Chính trị,phân công,Chủ nhiệm,Trung ương Đảng,Ủy viên Bộ Chính trị,Văn phòng Trung ương Đảng,kinh qua,Ban Bí thư,Bí thư,Nghị quyết Đại hội XIII,chỉnh đốn,chức trách,XIV,nghiêm minh
"Triển lãm do Cục Gìn giữ hòa bình Việt Nam (Bộ Quốc phòng), Chương trình Phát triển Liên Hợp Quốc tại Việt Nam, phối hợp với Hội Liên hiệp Phụ nữ Việt Nam tổ chức. Thúc đẩy hơn nữa vai trò, tiếng nói của phụ nữ Phát biểu khai mạc triển lãm, Phó Cục trưởng Cục Gìn giữ hòa bình Việt Nam, Đại tá Mạc Đức Trọng, cho biết, Việt Nam là quốc gia luôn quan tâm sâu sắc đến vấn đề bình đẳng giới, quyền của phụ nữ và trẻ em gái và đã đạt nhiều thành tựu trong lĩnh vực này. Đặc biệt, ở nhiệm kỳ Ủy viên không thường trực Hội đồng Bảo an Liên Hợp Quốc đầu tiên, Việt Nam đã chủ trì xây dựng và thúc đẩy thông qua Nghị quyết 1889 (2009) của Hội đồng Bảo an về Phụ nữ, hòa bình và an ninh. Trong đó đóng góp thực chất nhất là yêu cầu xây dựng bộ chỉ số để theo dõi và đánh giá việc thực hiện Nghị quyết 1325 (2000) HĐBA. Theo Đại tá Mạc Đức Trọng, thực tiễn văn hóa, lịch sử của Việt Nam cũng thể hiện rõ vai trò của phụ nữ trong công cuộc đấu tranh dựng nước và giữ nước, trong cách ứng xử với các vấn đề an ninh của đất nước. Qua đó góp thêm tiếng nói làm rõ hơn mối liên hệ giữa phụ nữ và hòa bình, an ninh, giải quyết xung đột. ""Chính vì vậy, từ trước khi bắt đầu chính thức tham gia vào hoạt động gìn giữ hòa bình Liên Hợp Quốc vào năm 2014, Việt Nam đã tích cực nghiên cứu, tìm hiểu nhằm ủng hộ và tuân thủ các sáng kiến của Liên Hợp Quốc như Hành động vì hòa bình (A4P), Phòng chống bóc lột và lạm dụng tình dục và đặc biệt là Phụ nữ, hòa bình và an ninh. Bên cạnh đó, Việt Nam luôn chú trọng các vấn đề bình đẳng giới, nâng cao tỷ lệ nữ quân nhân tham gia thực hiện nhiệm vụ tại Phái bộ và những vấn đề nhức nhối như lạm dụng và bóc lột tình dục để từng bước thúc đẩy, nâng cao sự tham gia của Phụ nữ vào trong lĩnh vực này. Đặc biệt, gần đây nhất, vào đầu tháng 8.2024, Việt Nam đã ban hành Chương trình hành động quốc gia đầu tiên về Phụ nữ, Hòa bình và An ninh. ""Đây là một định hướng chính sách quan trọng, khẳng định quyết tâm và cam kết của Việt Nam trong việc bảo đảm và thúc đẩy hơn nữa vai trò, tiếng nói của phụ nữ, đặc biệt trong lĩnh vực hòa bình và an ninh, nơi mà hoạt động gìn giữ hòa bình Liên Hợp Quốc thuộc về"", Đại tá Mạc Đức Trọng nhấn mạnh. Trên cơ sở đó, tháng 1.2018, Việt Nam đã triển khai thành công nữ sĩ quan đầu tiên tham gia hoạt động gìn giữ hòa bình Liên Hợp Quốc với nhiệm vụ sĩ quan tham mưu tác chiến tại Sở chỉ huy Phái bộ UNMISS. Cũng trong năm 2018, Việt Nam lần đầu tiên triển khai thành công Bệnh viện dã chiến cấp 2 tới UNMISS với 10/63 cán bộ, nhân viên là nữ, chiếm 15,9%, cao hơn mức kỳ vọng 15% của Liên Hợp Quốc tại thời điểm đó. Đặc biệt, với đơn vị có tính đặc thù như Đội Công binh, tỷ lệ nữ của đa số các nước cử quân trên thế giới là 0% hoặc tốt hơn là 3 - 5% nhưng ngay từ thê đội 1 của Đội Công binh Việt Nam đã đạt tỷ lệ gần 12% và tiếp tục duy trì cho các thê đội tiếp theo. Tính đến hiện tại, Bộ Quốc phòng Việt Nam đã triển khai 18/119 lượt nữ quân nhân theo hình thức cá nhân, chiếm tỷ lệ 15,12%. Tỷ lệ nữ triển khai theo hình thức đơn vị là 129/930, đạt 13,87%. Việt Nam phấn đấu duy trì tỷ lệ nữ ngày càng tăng theo mục tiêu của Liên Hợp Quốc đề ra. Nữ quân nhân của Việt Nam được triển khai đến các Phái bộ thực địa của Liên Hợp Quốc thực hiện nhiều nhiệm vụ khác nhau như sĩ quan tham mưu về tác chiến, tình báo, huấn luyện, điều phối quân dân sự, hậu cần, quân lương, trang bị, quan sát viên quân sự, sỹ quan liên lạc. Đối với đội hình đơn vị, các nữ quân nhân Việt Nam đảm nhiệm công tác chỉ huy Bệnh viện dã chiến, quản lý hậu cần, công tác tham mưu hành chính, công binh, quân y và cả bảo vệ lực lượng. Nhiều nữ quân nhân Việt Nam đã và đang thực hiện nhiệm vụ tại các Phái bộ có trình độ tiến sĩ, thạc sĩ và khi kết thúc nhiệm kỳ công tác được Lãnh đạo Liên Hợp Quốc, Lãnh đạo Phái bộ đánh giá cao, tặng thưởng huân huy chương và được đánh giá hoàn thành xuất sắc nhiệm vụ. Tại sự kiện, thay mặt Hội Liên hiệp Phụ nữ Việt Nam, Phó Chủ tịch Hội Trần Lan Phương chia sẻ, tham gia hoạt động gìn giữ hòa bình Liên Hợp Quốc là nhiệm vụ khó khăn, nguy hiểm, đòi hỏi phải có sức khỏe tốt, bản lĩnh chính trị vững vàng, kiến thức và kỹ năng quân sự chuyên môn sâu, giỏi ngoại ngữ, có phẩm chất đạo đức, kỹ năng sinh tồn… Đối với các nữ quân nhân, những khó khăn, thách thức này lại càng lớn hơn do đặc thù về giới. Vượt qua những rào cản khó khăn đó, lực lượng nữ quân nhân xung phong lên đường với một khí thế quyết tâm, đến những miền đất xa xôi như Cộng hòa Trung phi, Nam Sudan, Khu vực Abyei… Đảm nhiệm nhiều vị trí công tác khác nhau tại các phái bộ, Lực lượng Gìn giữ hòa bình Liên Hợp Quốc của Việt Nam nói chung cũng như các nữ quân nhân Việt Nam nói riêng, được đánh giá cao về tính chuyên nghiệp, khả năng hoàn thành nhiệm vụ, khả năng thích ứng với các yêu cầu khác nhau của công việc. ""Các chị là hiện thân của người phụ nữ Việt Nam thời đại mới, không chỉ giữ gìn và nhân lên giá trị truyền thống tốt đẹp của người phụ nữ Việt Nam mà còn thể hiện sự dũng cảm, bản lĩnh, trí tuệ, khả năng làm việc trong môi trường quốc tế, sẵn sàng thích ứng với mọi điều kiện, kể cả những môi trường làm việc khó khăn nhất. Các chị là những Đại sứ của đất nước Việt Nam thân thiện, có trách nhiệm với cộng đồng quốc tế"", bà Trần Lan Phương cho hay. Sự kiên cường, tinh thần nhân văn của nữ quân nhân Việt Nam Triển lãm “Nữ quân nhân Việt Nam trong hoạt động Gìn giữ hòa bình Liên Hợp Quốc” giới thiệu gần 100 bức ảnh do chính những quân nhân Việt Nam trực tiếp tham gia hoạt động tại các Phái bộ Gìn giữ hòa bình Liên Hợp Quốc thực hiện. Các tác phẩm không chỉ tôn vinh đóng góp của các nữ quân nhân, mà còn mang đến cơ hội để công chúng hiểu rõ hơn về hành trình gian nan và đầy ý nghĩa của họ tại những phái bộ xa xôi. Những bức ảnh cũng là bằng chứng sống động cho thấy lòng dũng cảm, sự kiên cường và tinh thần nhân văn của các nữ quân nhân Việt Nam. Nhiều bức ảnh thể hiện mong muốn sâu sắc về hòa bình của dân tộc Việt Nam - một dân tộc đã trải qua những cuộc chiến tranh khốc liệt và hiểu rất rõ giá trị to lớn của hòa bình. Khát vọng này được các nữ quân nhân Việt Nam mang theo trong thực thi sứ mệnh tại những vùng xung đột, góp phần xây dựng nền hòa bình bền vững. Có những bức ảnh phản ánh rõ những khó khăn và thách thức mà các nữ quân nhân phải đối mặt, từ khi đăng ký tuyển chọn, qua quá trình huấn luyện khắc nghiệt cho đến khi thực hiện nhiệm vụ ở phái bộ, trong đó nhiều nữ quân nhân phải tạm gác lại cuộc sống gia đình và vượt qua trở ngại cá nhân để cống hiến cho sứ mệnh quốc tế cao đẹp. Bên cạnh đó, một số bức ảnh cho thấy sự gần gũi và sẻ chia của nữ quân nhân Việt Nam với nhân dân địa phương thông qua các hoạt động y tế, giáo dục, văn hóa và an sinh xã hội. Dù ở xa Tổ quốc, các chị vẫn mang theo phẩm chất Bộ đội Cụ Hồ, tinh thần nhân ái và trách nhiệm, kết nối tình hữu nghị giữa các dân tộc và lan tỏa những giá trị tốt đẹp của hòa bình. Xem triển lãm, Phó Chủ tịch Hội Liên hiệp Phụ nữ Việt Nam Trần Lan Phương bày tỏ niềm tự hào về các tấm gương phụ nữ được lựa chọn và giới thiệu tại đây và tin tưởng rằng các tác phẩm và câu chuyện xung quanh đó sẽ góp phần truyền tải những thông điệp cụ thể về nỗ lực vượt qua khó khăn, thử thách, về sự cống hiến tâm huyết của phụ nữ cho sự nghiệp gìn giữ, thúc đẩy hòa bình và ổn định ở những vùng đất xa xôi, qua đó góp phần khẳng định một điều rằng phụ nữ là một phần quan trọng không thể thiếu trong tiến trình hòa bình và chính trị. Trong khuôn khổ chương trình đã diễn ra tọa đàm giao lưu và chia sẻ kinh nghiệm của các nữ quân nhân từng tham gia các Phái bộ gìn giữ hòa bình Liên Hợp Quốc. Nguyên Chỉ huy trưởng Lực lượng gìn giữ hòa bình Việt Nam tại Phái bộ UNISFA, nguyên Đội trưởng Đội Công binh số 1 (ĐCB1), Đại tá Mạc Đức Trọng chia sẻ rất vui khi được lan tỏa hình ảnh văn hóa, tinh thần bộ đội Cụ Hồ, đặc biệt là các nữ quân nhân đến bạn bè thế giới. ""Nữ quân nhân Việt Nam đã có nhiều đóng góp cho các hoạt động gìn giữ hòa bình tại các nước châu Phi xa xôi. Mặc dù gánh vác nhiệm vụ nặng nề nhưng các chiến sĩ vẫn lồng ghép sao cho tham gia tối đa các nhiệm vụ. Qua đó, khẳng định trách nhiệm vượt khó của quân đội Việt Nam, trong đó có các nữ quân nhân. Các cuộc tiếp xúc với nhân dân địa phương là cơ hội để các chiến sĩ ngoài việc hoàn thành nhiệm vụ còn thực hiện các công việc nhân đạo, san sẻ yêu thương tới những người kém may mắn..."". Với Trung tá Nguyễn Thị Hồng Quyên, Phó Chủ nhiệm khoa Nội chung, Bệnh viện Quân y 5, Cục Hậu cần - Kỹ thuật, nguyên Giám đốc Bệnh viện dã chiến cấp 1 (BVDC1), ĐCB1 tại Phái bộ UNISFA, người đảm nhiệm vai trò bảo đảm sức khỏe cho bộ đội làm đường, phòng chống dịch bệnh. Chị cũng sẵn sàng ứng cứu cho người dân địa phương khi có tình huống khẩn cấp xảy ra dưới sự chỉ đạo của Phái bộ, như: khám bệnh từ thiện, hỗ trợ nhân đạo thuốc, vật tư y tế giúp đỡ cho bệnh viện địa phương, quyên góp tiền mua đồ dùng học tập cho trẻ em mẫu giáo, mua sữa cho các bà mẹ mới sinh, hướng dẫn và giúp đỡ phụ nữ địa phương trồng rau… Nhớ lại những khó khăn từng gặp Phái bộ UNISFA, chị Quyên cảm thấy mình may mắn đã được tham gia hoạt động gìn giữ hòa bình trong đội hình ĐCB1. Chúng tôi luôn ý thức hoàn thành xuất sắc nhiệm vụ đã được Đảng, Nhà nước, Quân đội giao phó; chung sức, chung lòng, năng động, sáng tạo khắc phục mọi khó khăn để hoàn thành công việc. Trung úy, quân nhân chuyên nghiệp Lê Thị Diệu Hoa, nguyên nhân viên dược BVDC1, ĐCB1; nguyên nhân viên hành chính ĐCB2, người có hai nhiệm kỳ công tác thành công tại Phái bộ cho biết đã được truyền cảm hứng khi xem hình ảnh, phóng sự về cống hiến của các chiến sĩ tham gia lực lượng gìn giữ hòa bình Liên Hợp Quốc. ""Tôi nghĩ tại sao mình không cống hiến, trải nghiệm và đóng góp công sức vào các hoạt động đầy ý nghĩa này. Đó là lý do tôi tham gia hai nhiệm kỳ công tác để góp phần thể hiện vẻ đẹp con người Việt Nam yêu chuộng hòa bình trong mắt bạn bè quốc tế"". Thượng tá Đỗ Thị Hằng Nga, Phó Trưởng ban Phụ nữ Quân đội, nữ sĩ quan đầu tiên của Việt Nam tham gia Phái bộ Gìn giữ hòa bình Liên Hợp Quốc tại Nam Sudan (Phái bộ UNMISS), với vai trò Sĩ quan Tham mưu giám sát các hoạt động quân sự, từ tháng 1.2018 - 1.2019. Sau nhiệm kỳ đầu tiên rất thành công, Thượng tá Đỗ Thị Hằng Nga tiếp tục được Bộ Quốc phòng và Cục Gìn giữ hòa bình Việt Nam tin tưởng, giao đảm nhiệm chức vụ Phó Giám đốc Bệnh viện dã chiến cấp 2 số 4, thực hiện nhiệm vụ tại Bentiu, Nam Sudan, từ tháng 5.2022 - 7.2023. Nhìn lại hành trình qua hai nhiệm kỳ, chị cho biết nó có ý nghĩa vô cùng quan trọng trong cuộc đời quân ngũ. Tại đây chị đã có cơ hội được học tập, chuẩn bị kỹ càng mọi mặt về năng lực ngoại ngữ, trình độ chuyên môn gìn giữ hòa bình, về đối ngoại quốc phòng cũng như các kỹ năng sinh tồn ngoài thực địa và kinh nghiệm công tác tại địa bàn khi xa Tổ quốc. Hằng Nga mong muốn là người truyền cảm hứng cho chị em phụ nữ và có cơ hội góp phần thúc đẩy các hoạt động của nữ quân nhân trong Quân đội, nhất là trong hoạt động đối ngoại quân sự quốc phòng, ngoại giao nhân dân, ứng dụng công nghệ thông tin, truyền thông... Chuẩn bị tham gia lực lượng gìn giữ hòa bình với vai trò Quan sát viên quân sự tại Phái bộ UNMISS vào tháng 12 tới đây, Đại úy Vũ Nguyệt Anh, chia sẻ khi tham gia bất kỳ nhiệm vụ quốc tế nào, bản thân tôi luôn tâm niệm phải tuân thủ điều lệ huấn luyện an toàn của một quân nhân, tuân thủ pháp luật của nước sở tại. ""Trong môi trường đa quốc gia, đa văn hóa, việc giữ hình ảnh của quân đội, của đất nước tôi luôn đặt lên hàng đầu. Từng tham gia khoa học quan sát viên quân sự tại Canada, tôi được cung cấp nhiều kiến thức, kỹ năng về nhiệm vụ tới đây tôi sẽ đảm nhiệm tại Nam Sudan. Các bài học thật quý giá đó thôi thúc tôi hoàn thiện hơn để có thêm kinh nghiệm làm việc, truyền lửa cho đồng nghiệp trong nhiệm kỳ tới"". Cũng tại sự kiện, các sĩ quan Cục Gìn giữ hòa bình Việt Nam đã trao kỷ vật được tặng bởi nhân dân địa phương tại các Phái bộ cho Bảo tàng Phụ nữ Việt Nam. Một số hình ảnh giới thiệu tại triển lãm: "	nữ quân nhân,gìn giữ hòa bình,Mạc Đức Trọng,Liên hợp quốc,Trần Lan Phương,triển lãm,Phái bộ,Bảo tàng Phụ,Khu vực Abyei,lòng dũng cảm,phụ nữ Việt Nam,thê đội,UNISFA,Hội Liên hiệp Phụ nữ Việt Nam,ĐCB3,Nghị quyết 1889,mũ nồi,A4P,Nghị quyết 1325,sống động
Trao đổi với các học viên của lớp học, Bí thư Tỉnh ủy Nguyễn Hồng Lĩnh đã nêu ra 4 thách thức và 5 cơ hội của Đồng Nai. Về cơ hội: Đồng Nai nằm trong vùng tứ giác Đông Nam Bộ có vị trí quan trọng trong phát triển kinh tế của khu vực và đất nước. Ở Đồng Nai hội đủ 5 phương thức giao thông quan trọng: đường sắt, đường bộ, đường hàng không, giao thông nội địa và hàng hải quốc tế. Dân số đứng thứ 4 cả nước, là nguồn lực quan trọng để thực hiện các mục tiêu phát triển. Đồng Nai có Cảng hàng không quốc tế Long Thành, với quy mô là một trong 10 sân bay lớn nhất thế giới, là cửa ngõ giao thương quốc tế. Đồng Nai có bề dày lịch sử truyền thống cách mạng, văn hóa, có những căn cứ cách mạng, di tích lịch sử đáng tự hào cho các thế hệ. Về thách thức, Đồng Nai có chiều hướng tụt hậu về kinh tế, thu ngân sách so với một số tỉnh lân cận. Tỉnh cũng chậm phát triển hạ tầng xã hội, chăm lo cho người dân. Tình hình an ninh trật tự tiềm ẩn nhiều phức tạp và thách thức về khả năng hành động của đội ngũ cán bộ. Khi đã nhận diện được cơ hội và thách thức, chúng ta phải có tư duy rõ ràng, hành động quyết liệt, đi đúng hướng. Trong phát triển Đồng Nai thời gian tới phải thật bền vững, không để lại hậu quả cho mai sau. Để phát triển được bền vững phải dựa trên quy hoạch và quản lý tốt quy hoạch. Cụ thể về phát triển kinh tế, thu hút đầu tư có chọn lọc, huy động được nhiều nguồn lực cho địa phương phát triển, kiểm soát tốt môi trường, chăm lo cho mục tiêu phát triển con người. Về công tác xây dựng Đảng, cốt yếu của công tác này chính là công tác cán bộ, cán bộ là mấu chốt của mọi vấn đề. Cán bộ tốt thúc đẩy công việc tốt; cán bộ không tốt thì làm trì trệ sự phát triển của địa phương. Muốn xây dựng Đảng trong sạch vững mạnh mà đội ngũ cán bộ yếu thì Đảng không mạnh được. Đảng là một tổ chức chặt chẽ, có kỷ luật, kỷ cương. Bất cứ một chính quyền của nước nào, sau lưng họ cũng là một chính đảng, đảng là linh hồn của chính quyền. Do đó muốn chính quyền mạnh thì đảng phải mạnh, đảng phải là cái nôi đào tạo cán bộ để phụng sự nhân dân. Để chuẩn bị cho đại hội Đảng các cấp nhiệm kỳ 2025-2030, Đảng ta có chủ trương không đưa những cán bộ thiếu trách nhiệm, vô cảm vào cấp ủy các cấp. Tuyệt đối không được xuất hiện yếu tố gia đình trong một đơn vị. Công tác cán bộ càng minh bạch, công tâm thì càng chọn được người tài. Lựa chọn cán bộ đừng theo kiểu quen thân, vì cái riêng thì sẽ thành công. Bí thư Tỉnh ủy tin tưởng, Đồng Nai ngày càng có nhiều cán bộ tâm huyết, hết lòng phụng sự nhân dân, hoàn thành xuất sắc nhiệm vụ của nhiệm kỳ này và thành công trong nhiệm kỳ tới. 	Nguyễn Hồng Lĩnh,Bí thư Tỉnh ủy,Đồng Nai,giảng,thách thức,tứ giác,phát triển bền vững,Ủy viên Trung ương Đảng,tầm nhìn,phụng sự,chủ chốt,giảng bài,bồi dưỡng,Đông Nam Bộ,Ban cán sự,đường hàng không,định hướng,quen thân,học viên,lớp học
Chủ trì kỳ họp là ông Nguyễn Văn Lộc, Ủy viên Thường vụ Tỉnh ủy và Chủ tịch HĐND tỉnh Bình Dương. Kỳ họp diễn ra trong bối cảnh tỉnh Bình Dương đang nỗ lực đẩy mạnh phát triển kinh tế - xã hội, chuẩn bị cho những kế hoạch trong năm 2024. Chủ tịch HĐND tỉnh, ông Nguyễn Văn Lộc nhấn mạnh tầm quan trọng của cuộc họp này, khi toàn tỉnh Bình Dương đang nỗ lực huy động mọi nguồn lực để đạt được những mục tiêu quan trọng đã đề ra trong Nghị quyết của Tỉnh ủy. Kỳ họp sẽ tập trung xem xét các nội dung cấp thiết, không chỉ nhằm đảm bảo sự phù hợp với các quy định của Trung ương mà còn đáp ứng nhu cầu thực tiễn của địa phương. Ông cũng cho biết rằng trong khuôn khổ kỳ họp, HĐND sẽ thực hiện quy trình miễn nhiệm và bầu cử bổ sung chức danh thành viên UBND tỉnh khóa X, nhiệm kỳ 2021-2026. Chủ tịch HĐND tỉnh Bình Dương đã đề nghị các đại biểu phát huy tinh thần dân chủ, trách nhiệm, và tham gia thảo luận một cách sôi nổi, đóng góp những ý kiến sát thực và chất lượng. Mục tiêu của sự tham gia này là để giúp kỳ họp đưa ra những quyết định đúng đắn, phù hợp với tình hình thực tiễn, từ đó đáp ứng được sự kỳ vọng của cử tri và nhân dân tỉnh nhà. Tại kỳ họp, các đại biểu đã tiến hành thảo luận và xem xét các Tờ trình của UBND tỉnh Bình Dương cùng với báo cáo thẩm tra của các ban HĐND, bao gồm Ban Kinh tế - Ngân sách, Ban Văn hóa - Xã hội và Ban Pháp chế. Quá trình thảo luận diễn ra sôi nổi, với sự tham gia tích cực của các đại biểu, thể hiện trách nhiệm của HĐND tỉnh trong việc giám sát và quyết định các vấn đề quan trọng của địa phương. Cuối cùng, các đại biểu đã đồng thuận thông qua 9 Nghị quyết, trong đó có Nghị quyết miễn nhiệm chức danh Phó Chủ tịch UBND tỉnh khóa X, nhiệm kỳ 2021-2026 đối với ông Nguyễn Văn Dành. Lý do cho việc miễn nhiệm này là do ông Dành chuyển công tác khác. Đồng thời, các đại biểu cũng đã bầu bổ sung chức danh Ủy viên UBND tỉnh khóa X, nhiệm kỳ 2021-2026 đối với bà Huỳnh Thị Thanh Phương, Giám đốc Sở Nội vụ tỉnh, với tỷ lệ 100%. Việc bầu bổ sung này không chỉ giúp tăng cường bộ máy lãnh đạo mà còn tạo điều kiện thuận lợi cho việc thực hiện các mục tiêu phát triển của tỉnh. Sau khi hoàn tất các thủ tục, các đại biểu đã biểu quyết thông qua Nghị quyết xác nhận kết quả bầu bổ sung chức danh Ủy viên UBND tỉnh khóa X đối với bà Huỳnh Thị Thanh Phương. Việc này không chỉ thể hiện sự nhất trí cao của HĐND mà còn mang lại hy vọng về sự phát triển bền vững cho tỉnh Bình Dương trong thời gian tới. Kết thúc kỳ họp, ông Nguyễn Văn Lộc bày tỏ sự hài lòng với kết quả làm việc của kỳ họp. Ông nhấn mạnh rằng, sau một buổi làm việc khẩn trương, dân chủ và trách nhiệm, kỳ họp đã hoàn thành nội dung chương trình đề ra và lưu ý rằng các nội dung được quyết định tại kỳ họp này có ý nghĩa rất quan trọng và HĐND tỉnh đề nghị UBND tỉnh cần khẩn trương triển khai thực hiện hiệu quả các Nghị quyết được thông qua. Thường trực HĐND, các Ban của HĐND, các Tổ đại biểu và đại biểu HĐND tỉnh cần tiếp tục thực hiện tốt công tác tuyên truyền, phổ biến các Nghị quyết đến cử tri và nhân dân. Điều này nhằm đảm bảo rằng các Nghị quyết sẽ đi vào cuộc sống và góp phần nâng cao đời sống người dân. Kỳ họp thứ 18 của HĐND tỉnh Bình Dương không chỉ đánh dấu một bước quan trọng trong quá trình thực hiện các nhiệm vụ phát triển kinh tế - xã hội mà còn thể hiện tinh thần trách nhiệm của chính quyền đối với nhân dân. Sự đồng thuận cao trong việc thông qua 9 Nghị quyết và miễn nhiệm chức danh Phó Chủ tịch UBND tỉnh cho thấy sự quyết tâm của lãnh đạo tỉnh Bình Dương trong việc xây dựng một Bình Dương phát triển, thịnh vượng và bền vững hơn trong tương lai. 	miễn nhiệm,HĐND tỉnh Bình Dương,Nguyễn Văn Lộc,Huỳnh Thị Thanh Phương,Bình Dương,Nghị quyết,Chủ tịch HĐND,Kỳ họp,UBND,Sở Nội vụ tỉnh,nhiệm kỳ,Nguyễn Văn Dành,Phó Chủ tịch,chức danh,Ban Pháp chế,thông qua,chuyên đề,UBND tỉnh Bình Dương,Ủy viên,Thường vụ Tỉnh ủy
Dự Phiên họp tại điểm cầu tỉnh có các đồng chí Phó Chủ tịch UBND tỉnh; thành viên UBND tỉnh; lãnh đạo HĐND, Ủy ban MTTQ Việt Nam tỉnh; Ban Tuyên giáo Tỉnh ủy; Ban Dân vận Tỉnh ủy; Ban Nội chính Tỉnh ủy; Văn phòng Tỉnh ủy; đại diện lãnh đạo một số Ban HĐND tỉnh; thủ trưởng một số cơ quan, đơn vị có liên quan… Tại điểm cầu các huyện, thành phố, các đồng chí Chủ tịch, Phó Chủ tịch UBND cấp huyện; các phòng, đơn vị chuyên môn của các huyện, thành phố cùng tham dự Phiên họp. Tháng 10, UBND tỉnh đã tập trung chỉ đạo chuẩn bị tốt các nội dung trình Kỳ họp thứ 23 HĐND tỉnh, tổ chức thành công Hội nghị xúc tiến đầu tư, gặp mặt, đối thoại doanh nghiệp năm 2024; đồng thời đôn đốc các cấp, ngành đẩy mạnh thực hiện nhiệm vụ phát triển kinh tế - xã hội, đảm bảo quốc phòng - an ninh, giải ngân vốn đầu tư công trên địa bàn và đạt được một số kết quả tích cực. Nhiều chỉ tiêu kinh tế - xã hội tăng khá so với cùng kỳ năm trước, cụ thể: Giá trị sản xuất công nghiệp trong tháng tăng 38,4%; thu ngân sách nhà nước đạt kết quả tốt, đến 23/10 bằng 98% dự toán trung ương giao và bằng 92% dự toán HĐND tỉnh giao, tăng 24,8% so với cùng kỳ năm trước; tổng mức bán lẻ hàng hóa và doanh thu dịch vụ trong tháng tăng 19,3%. Sản xuất nông nghiệp cơ bản đảm bảo mùa vụ; tổng sản lượng lương thực có hạt tăng 1.588 tấn; diện tích trồng chè mới vượt 32% kế hoạch; trồng rừng mới bằng 97% kế hoạch. Lĩnh vực văn hóa, xã hội tiếp tục được quan tâm; công tác dạy và học được triển khai theo kế hoạch, tổ chức Hội nghị công bố Quyết định công nhận tỉnh Lai Châu đạt chuẩn phổ cập giáo dục tiểu học mức độ 3; giải quyết việc làm cho người lao động vượt 5,8% kế hoạch. Hoạt động đối ngoại được tăng cường, thực hiện tốt công tác quản lý Nhà nước về biên giới; an ninh trật tự tiếp tục được giữ vững và đảm bảo; chuẩn bị các điều kiện tổ chức diễn tập phòng thủ dân sự thành phố Lai Châu... Tại Phiên họp, đại biểu các sở, ngành đã phát biểu ý kiến tập trung vào tình hình thực hiện nhiệm vụ tháng 10, những khó khăn trong nhiệm vụ giải ngân vốn đầu tư công, vốn sự nghiệp, chương trình mục tiêu quốc gia; kiến nghị, đề xuất các giải pháp thực hiện tháng 11 và 2 tháng cuối năm 2024 để đáp ứng được mục tiêu, chỉ tiêu yêu cầu đề ra. Phát biểu kết luận Phiên họp, Chủ tịch UBND tỉnh Lê Văn Lương nhấn mạnh, tháng 11 khối lượng công việc rất nhiều, đòi hỏi các cấp, ngành, UBND các huyện, thành phố cần chủ động, quyết liệt hơn nữa trong thực hiện nhiệm vụ được giao. Đồng thời, chuẩn bị tốt các nội dung cho 2 Kỳ họp HĐND tỉnh (Kỳ chuyên đề vào tháng 11 và Kỳ thường kỳ tháng 12). Tập trung chỉ đạo thực hiện các giải pháp, mục tiêu, nhiệm vụ đối với các chỉ tiêu còn đạt thấp, dự kiến khó đạt năm 2024. Đề nghị các đơn vị, địa phương chuẩn bị các nội dung xây dựng Báo cáo chính trị Văn kiện Đại hội Đại biểu Đảng bộ tỉnh; tham gia góp ý kiến theo chức năng, nhiệm vụ được phân công nghiên cứu; tập trung tháo gỡ khó khăn, quyết tâm đẩy nhanh giải ngân vốn đầu tư công, các Chương trình mục tiêu quốc gia. Chỉ đạo sản xuất nông nghiệp đảm bảo thời vụ, tăng cường công tác phòng chống rét, quản lý, bảo vệ rừng và phòng cháy, chữa cháy rừng; tập trung chỉ đạo, đẩy nhanh tiến độ hoàn thiện các tiêu chí nông thôn mới, phấn đấu đạt mục tiêu, kế hoạch năm 2024 đã đề ra. Tăng cường quản lý thu ngân sách, thực hiện các nhiệm vụ, giải pháp thu, chi ngân sách những tháng cuối năm 2024, phấn đấu hoàn thành vượt dự toán được giao; triển khai thực hiện Luật Đất đai mới theo các văn bản chỉ đạo của Thủ tướng Chính phủ, UBND tỉnh; chuẩn bị tốt các điều kiện tổ chức Tuần Du lịch - Văn hóa Lai Châu năm 2024 và Kế hoạch tổ chức các Giải thể thao gắn với quảng bá du lịch năm 2024 và “Tuần Văn hóa - Du lịch Lai Châu” tại thành phố Đà Nẵng... 	phiên họp,Lê Văn Lương,thường kỳ,phiên họp thường kỳ,Tỉnh ủy,Chủ tịch UBND tỉnh,Hà Trọng Hải,UBND,Du lịch Lai Châu,Văn hóa Lai Châu,đồng chí,Phó Bí thư,Tuần Du lịch,trồng chè,Chủ tịch HĐND,phòng thủ dân sự,Tuần Văn hóa,Ủy ban MTTQ Việt Nam,dự toán,thu ngân sách
Tại buổi kiểm tra, đoàn công tác của VKSQS Trung ương đã nghe VKSQS Quân khu 4 báo cáo tình hình thực hiện toàn diện công tác kiểm sát quân sự năm 2024. Theo đó, hai cấp đơn vị đã quán triệt từng cán bộ, kiểm sát viên thực hiện nghiêm túc Chỉ thị của Viện trưởng VKSND tối cao, chương trình công tác của VKSQS Trung ương và kế hoạch công tác kiểm sát quân sự năm 2024 của VKSQS Trung ương. Trên cơ sở đó, VKSQS Quân khu 4 đã chủ động xây dựng kế hoạch công tác năm 2024 phù hợp với đặc điểm, nhiệm vụ cụ thể của đơn vị. Đến thời điểm kiểm tra, các chỉ tiêu nghiệp vụ cơ bản của các đơn vị đều đạt và vượt so với yêu cầu đề ra, không để xảy ra trường hợp làm oan làm sai, bỏ lọt tội phạm. Qua kiểm tra của VKSQS Trung ương cho thấy, VKSQS Quân khu 4 đã làm tốt và đạt hiệu quả cao trong công tác phòng, chống vi phạm, tội phạm, tuyên truyền, phổ biến pháp luật hiệu quả đến cán bộ, chiến sĩ trong Lực lượng vũ trang Quân khu 4 và Nhân dân trên địa bàn. Đồng thời, đoàn công tác cũng chỉ ra một số mặt còn tồn tại, hạn chế trong từng khâu công tác cũng như các hướng dẫn cụ thể những phương pháp, cách làm khoa học, hiệu quả để các cán bộ, kiểm sát viên VKSQS Quân khu 4 vận dụng, học tập kinh nghiệm. Phát biểu chỉ đạo kết luận kiểm tra, Trung tướng Tạ Quang Khải, Viện trưởng VKSQS Trung ương đánh giá cao những kết quả đạt được trong công tác kiểm sát quân sự năm 2024 cũng như chia sẻ những khó khăn của VKSQS Quân khu 4 trong năm vừa qua. Trung tướng Tạ Quang Khải yêu cầu trong thời gian tới, lãnh đạo VKSQS Quân khu 4 cần tăng cường công tác quản lý, chỉ đạo điều hành, đề ra giải pháp, tập trung chỉ đạo khắc phục triệt để những hạn chế, thiếu sót. Cùng với đó, tăng cường đoàn kết thống nhất để vượt qua mọi khó khăn, hoàn thành tốt chỉ tiêu, nhiệm vụ được giao trong những tháng cuối năm 2024 cũng như các năm công tác tiếp theo, xây dựng hai cấp VKSQS Quân khu 4 ngày càng vững mạnh toàn diện “Mẫu mực, tiêu biểu”. 	VKSQS,VKSQS Quân khu 4,VKSQS Trung ương,Tạ Quang Khải,kiểm sát,Trung tướng,Viện trưởng,toàn diện,Kiểm sát viên,quân sự,Trung ương,Trưởng đoàn,bỏ lọt tội phạm,nhiệm vụ cụ thể,kiểm tra,Quân khu 4,làm sai,Viện Kiểm sát nhân dân tối cao,oan,đồng chí
Ông Quảng Văn Ngọc giữ chức Chánh Văn phòng Tỉnh ủy Quảng Nam Sáng 21/10, tại huyện Nông Sơn, Tỉnh ủy Quảng Nam đã công bố Quyết định điều động, bổ nhiệm cán bộ đối với ông Quảng Văn Ngọc, Bí thư Huyện ủy Nông Sơn. Theo Quyết định, từ ngày 21/10/2024, ông Quảng Văn Ngọc thôi tham gia Ban chấp hành Đảng bộ huyện, Ban Thường vụ Huyện ủy và thôi giữ chức Bí thư Huyện ủy Nông Sơn; được điều động đến nhận công tác tại Văn phòng Tỉnh ủy và bổ nhiệm giữ chức Chánh Văn phòng Tỉnh ủy Quảng Nam, thời hạn bổ nhiệm 5 năm. Ông Quảng Văn Ngọc, SN 1977, quê ở xã Hiệp Thuận, huyện Hiệp Đức, tỉnh Quảng Nam. Ông Ngọc có trình độ chuyên môn là Tiến sĩ Văn học Việt Nam, Thạc sĩ Khoa học Xã hội và Nhân Văn, Cử nhân Sư phạm Văn, Cử nhân Luật Kinh tế; Cao cấp Lý luận Chính trị. Trước khi được điều động, bổ nhiệm giữ chức Chánh Văn phòng Tỉnh ủy Quảng Nam, ông Quảng Văn Ngọc từng giữ các chức vụ như: Trưởng phòng Tổng hợp Văn phòng Tỉnh ủy, Phó Chánh Văn phòng Tỉnh ủy Quảng Nam. Tháng 11/2021, ông Ngọc được Ban Thường vụ Tỉnh ủy Quảng Nam điều động giữ chức Bí thư Huyện ủy Nông Sơn nhiệm kỳ 2020-2025. Sóc Trăng: Biệt phái Trưởng phòng An ninh đến nhận công tác tại Ban Nội chính Tỉnh ủy Ngày 21/10, Công an tỉnh Sóc Trăng tổ chức Lễ công bố Quyết định của Bộ trưởng Bộ Công an và Quyết định của Giám đốc Công an tỉnh về công tác cán bộ. Tại buổi lễ, thừa ủy quyền của Bộ Công an, Công an tỉnh Sóc Trăng công bố Quyết định Biệt phái công khai có thời hạn đối với Thượng tá Cao Thiện Hải, Trưởng Phòng An ninh kinh tế, Công an tỉnh Sóc Trăng đến nhận công tác tại Ban Nội chính Tỉnh ủy Sóc Trăng, để bổ nhiệm giữ chức vụ Phó Trưởng Ban Nội chính Tỉnh ủy. Đồng thời, Công an tỉnh Sóc Trăng cũng công bố Quyết định về việc điều động đối với Thượng tá Nguyễn Hoàng Em - Phó Trưởng phòng, Phòng Quản lý xuất nhập cảnh đến nhận công tác và giữ chức vụ Phó Trưởng Công an huyện Kế Sách. Thượng tá Phạm Thị Kha - Phó Trưởng phòng, Phòng An ninh nội địa, đến nhận công tác và giữ chức vụ Phó Trưởng phòng, Phòng quản lý xuất nhập cảnh, Công an tỉnh Sóc Trăng. Trung tá Mai Thị Yến Linh - Phó Trưởng Công an huyện Long Phú đến nhận công tác và giữ chức vụ Phó Trưởng phòng, Phòng An ninh nội địa, Công an tỉnh Sóc Trăng Trung tá Nguyễn Hoài Nhi - Phó Trưởng phòng, Phòng An ninh nội địa đến nhận công tác và giữ chức vụ Phó Trưởng Công an huyện Long Phú. Cao Bằng có tân Phó Giám đốc Công an tỉnh Ngày 21/10, Công an tỉnh Cao Bằng tổ chức lễ công bố quyết định của Bộ trưởng Bộ Công an về công tác cán bộ. Tại buổi lễ, thừa ủy quyền của Bộ trưởng Bộ Công an, Công an tỉnh Cao Bằng đã công bố quyết định điều động, Đại tá Lương Ngọc Quyết - Trưởng phòng, Cục An ninh đối ngoại được điều động đến nhận công tác và giữ chức vụ Phó Giám đốc Công an tỉnh Cao Bằng. Trưởng Công an TP Hải Dương được bầu làm Chủ tịch UBND TP Chí Linh Ngày 23/10, UBND TP Chí Linh tổ chức Hội nghị công bố quyết định của Ban Thường vụ Tỉnh ủy Hải Dương về công tác cán bộ. Theo quyết định của Ban Thường vụ Tỉnh ủy, Thượng tá Nguyễn Tuấn Hưng, Trưởng Công an TP Hải Dương, được điều động đến công tác tại Thành ủy Chí Linh từ ngày 23/10. Trong chiều cùng ngày, HĐND TP Chí Linh tổ chức kỳ họp thứ 19, bầu Phó Bí thư Thành ủy Chí Linh Nguyễn Tuấn Hưng giữ chức Chủ tịch UBND TP Chí Linh với số phiếu tuyệt đối. Ông Nguyễn Tuấn Hưng (SN 1975), quê ở xã Nhân La, huyện Kim Động, tỉnh Hưng Yên. Ông có trình độ cử nhân luật, thạc sĩ quản lý nhà nước về an ninh trật tự, cao cấp lý luận chính trị. Ông Nguyễn Tuấn Hưng từng giữ các chức vụ: Bí thư Đảng ủy, Trưởng Công an huyện Thanh Miện (Hải Dương); Bí thư Đảng ủy, Trưởng Công an TP Hải Dương. Chủ tịch Liên đoàn Lao động Ninh Bình giữ chức Bí thư Huyện ủy Yên Khánh Ngày 24/10, Huyện ủy Yên Khánh tổ chức Hội nghị công bố các Quyết định của Ban Thường vụ Tỉnh ủy Ninh Bình về công tác cán bộ. Theo Quyết định số 1428-QĐ/TU ngày 21/10/2024, Ban Thường vụ Tỉnh ủy quyết định: Ông Dương Đức Khanh, Tỉnh ủy viên, Bí thư Đảng đoàn, Chủ tịch tỉnh thôi giữ chức Bí thư Đảng đoàn, Chủ tịch Liên đoàn Lao động tỉnh nhiệm kỳ 2023- 2028; điều động, chỉ định tham gia Ban Chấp hành, Ban Thường vụ và giữ chức Bí thư Huyện ủy Yên Khánh nhiệm kỳ 2020 - 2025, từ ngày 24/10/2024. Bên cạnh đó, tại Quyết định số 1426-QĐ/TU, ngày 21/10/2024, Ban Thường vụ Tỉnh ủy quyết định: Ông Nguyễn Quốc Hưng, Phó Bí thư Huyện ủy, Chủ tịch UBND huyện Hoa Lư thôi tham gia Ban Chấp hành, Ban Thường vụ Huyện ủy và thôi giữ chức Phó Bí thư Huyện ủy Hoa Lư nhiệm kỳ 2020 -2025; điều động, chỉ định tham gia Ban Chấp hành, Ban Thường vụ và giữ chức Phó Bí thư Huyện ủy Yên Khánh nhiệm kỳ 2020 - 2025, từ ngày 24/10/2024. Chủ tịch UBND TP Hà Nội bổ nhiệm và tiếp nhận nhiều cán bộ, lãnh đạo chủ chốt Chiều 24/10, UBND TP Hà Nội tổ chức Hội nghị triển khai nghị quyết của HĐND, quyết định của UBND TP về thành lập Trung tâm phục vụ hành chính công và công bố các quyết định về công tác cán bộ. Tại Hội nghị, ông Mai Xuân Trường, Phó Giám đốc Sở Nội vụ Hà Nội đã công bố 7 quyết định về công tác cán bộ tại các sở, ngành của thành phố. Cụ thể, Quyết định số 5579/QĐ-UBND về việc điều động, bổ nhiệm ông Cù Ngọc Trang (SN 1984), Phó Chánh Văn phòng UBND TP Hà Nội, đến nhận công tác tại Trung tâm Phục vụ Hành chính công TP Hà Nội, giữ chức vụ Giám đốc Trung tâm Phục vụ Hành chính công TP Hà Nội. Quyết định số 5588/QĐ-UBND về việc điều động, bổ nhiệm ông Hoàng Văn Bằng (SN 1971), Giám đốc Trung tâm Thông tin điện tử thành phố, Văn phòng UBND TP Hà Nội, đến nhận công tác tại Trung tâm Phục vụ Hành chính công TP Hà Nội, giữ chức vụ Phó Giám đốc Trung tâm Phục vụ Hành chính công TP Hà Nội. Quyết định số 5568/QĐ-UBND về việc tiếp nhận, bổ nhiệm ông Vũ Xuân Hùng (SN 1975), Trợ lý nguyên Ủy viên Bộ Chính trị, Bí thư Thành ủy, Trưởng đoàn đại biểu Quốc hội thành phố, đến nhận công tác tại Ban Quản lý Khu công nghệ cao Hòa Lạc, giữ chức vụ Trưởng ban Ban Quản lý Khu công nghệ cao Hòa Lạc. Quyết định số 5597/QĐ-UBND về việc bổ nhiệm ông Đinh Trần Quân (SN 1971), Phụ trách Hội đồng thành viên, Tổng Giám đốc Công ty TNHH MTV Phát triển Khu công nghệ cao Hòa Lạc thuộc Ban Quản lý Khu công nghệ cao Hòa Lạc, giữ chức vụ Phó Trưởng ban Ban Quản lý Khu công nghệ cao Hòa Lạc. Quyết định số 5555/QĐ-UBND về việc bổ nhiệm bà Đỗ Thu Hằng (SN 1975), Trưởng phòng Phòng Tổng hợp Quy hoạch, Sở Kế hoạch và Đầu tư TP Hà Nội, giữ chức vụ Phó Giám đốc Sở Kế hoạch và Đầu tư. Quyết định số 5575/QĐ-UBND về việc bổ nhiệm ông Nguyễn Văn Vinh (SN 1978), Trưởng phòng Phòng Tổ chức - Hành chính, Trường Cao đẳng Cộng đồng Hà Tây, giữ chức vụ Phó Hiệu trưởng Trường Cao đẳng Cộng đồng Hà Tây. Quyết định số 5576/QĐ-UBND về việc bổ nhiệm ông Đỗ Xuân Bình (SN 1975), Giám đốc Trung tâm Đào tạo theo nhu cầu xã hội và Hợp tác doanh nghiệp, Trường Cao đẳng Cộng đồng Hà Tây, giữ chức vụ Phó Hiệu trưởng Trường Cao đẳng Cộng đồng Hà Tây. Các quyết định có hiệu lực kể từ ngày 23/10/2024. 	Quảng Văn Ngọc,Huyện ủy Nông Sơn,Cao Thiện Hải,điều động,Lương Ngọc Quyết,bổ nhiệm,Huyện ủy Yên Khánh,Nguyễn Tuấn Hưng,Thành ủy Chí Linh,UBND TP Chí Linh,Công an huyện Long Phú,Công an tỉnh Sóc Trăng,Cử nhân Sư phạm Văn,Cử nhân Luật Kinh tế,nhận công tác,Phạm Thị Kha,Cục An ninh đối ngoại,cđ cộng đồng hà tây,Mai Thị Yến Linh,Dương Đức Khanh
Phát biểu tại hội đàm, Thiếu tướng Võ Tiến Nghị khẳng định, dưới sự lãnh đạo của Bộ Quốc phòng Việt Nam và Bộ An ninh Lào, trực tiếp là Bộ Tư lệnh BĐBP Việt Nam và Tổng cục An ninh Lào, hai Bên đã phối hợp triển khai hiệu quả Thỏa thuận hợp tác Biên phòng giữa Tổng cục An ninh Lào và Bộ Tư lệnh BĐBP Việt Nam, góp phần giữ vững an ninh trật tự trên tuyến biên giới và tình đoàn kết, hữu nghị đặc biệt giữa hai nước. Nổi bật là, hai bên đã phối hợp chặt chẽ, hiệu quả với các cơ quan có liên quan của hai nước, tham mưu và triển khai cán bộ, chiến sĩ hai bên đảm bảo an ninh, an toàn địa bàn trong các sự kiện hợp tác quốc phòng liên quan hai bên biên giới; hai bên đã trao đổi thông tin giúp cho mỗi bên chủ động nắm chắc tình hình, đánh giá, phục vụ hiệu quả công tác chỉ huy, chỉ đạo, báo cáo tham mưu lãnh đạo cấp trên trong đảm bảo an ninh, trật tự ở khu vực biên giới. Bên cạnh đó, hai bên đã phối hợp chặt chẽ trong triển khai thực hiện các mặt công tác về quản lý, kiểm soát xuất, nhập cảnh, quá cảnh, cư trú, đi lại của công dân hai bên biên giới; phối hợp tuyên truyền được 183 buổi/5.427 lượt cán bộ, chiến sĩ và nhân dân khu vực biên giới về Nghị định thư, Hiệp định về Quy chế biên giới, chủ trương của hai Nhà nước về phát triển khu vực biên giới, không xâm canh, xâm cư, di cư tự do… Tại hội đàm, hai bên đã trao đổi, ghi nhận, đánh giá cao kết quả phối hợp, hợp tác giữa Cục Trinh sát, Bộ Tư lệnh BĐBP Việt Nam và Văn phòng Tổng cục An ninh, Bộ An ninh Lào trong công tác tham mưu cho cấp trên những chủ trương, biện pháp, chỉ đạo, đôn đốc các đơn vị thuộc quyền thực hiện tốt các nội dung Thỏa thuận hợp tác giữa Bộ Tư lệnh BĐBP, Bộ Quốc phòng Việt Nam và Tổng cục An ninh, Bộ An ninh Lào trong đảm bảo an ninh trật tự trên tuyến biên giới Việt Nam - Lào, ký ngày 12/12/2021 tại tỉnh Quảng Trị, Việt Nam. Đồng thời, để tiếp tục đảm bảo an ninh chính trị và trật tự an toàn xã hội ở khu vực biên giới của hai nước Việt Nam-Lào, trong thời gian tới, hai bên thống nhất tiếp tục tham mưu cho cấp trên, chỉ đạo các cơ quan, đơn vị thực hiện tốt các nội dung hợp tác bao gồm: Chủ động, thường xuyên trao đổi tình hình liên quan đến an ninh chính trị và trật tự an toàn xã hội ở khu vực biên giới; phối hợp giải quyết kịp thời, có hiệu quả các vụ việc xảy ra, không để các thế lực thù địch, phản động, kẻ xấu lợi dụng kích động, chia rẽ tình đoàn kết, hữu nghị đặc biệt giữa hai nước và mối quan hệ hợp tác giữa hai lực lượng; tăng cường phối hợp trong đấu tranh, ngăn chặn, làm thất bại mọi hoạt động phá hoại của các thế lực thù địch, bọn phản động lưu vong; hoạt động của các đối tượng cực đoan lợi dụng tôn giáo, dân tộc. Đồng thời, phối hợp chặt chẽ trong công tác tuyên truyền, vận động nhân dân khu vực biên giới hai Bên hiểu rõ và nghiêm chỉnh chấp hành Hiệp định về Quy chế quản lý biên giới và cửa khẩu biên giới trên đất liền giữa Chính phủ nước Cộng hòa xã hội chủ nghĩa Việt Nam và Chính phủ nước Cộng hòa dân chủ nhân dân Lào, ký ngày 16/3/2016; tiếp tục tăng cường phối hợp kiểm tra, kiểm soát và trao đổi thông tin có chiều sâu, thực chất, hiệu quả để ngăn chặn có hiệu quả các hành vi vi phạm pháp luật; chủ động nhận diện và đề xuất giải pháp xử lý đối với các loại vi phạm mới nhằm giữ vững ổn định an ninh chính trị và trật tự an toàn xã hội, xây dựng khu vực biên giới của hai nước Việt Nam - Lào hòa bình, hữu nghị, hợp tác và phát triển. Kết thúc hội đàm, Thiếu tướng Võ Tiến Nghị và Đại tá Khăm-phay Khăm-pha-vông đã ký biên bản Hội đàm giữa Cục Trinh sát, Bộ Tư lệnh BĐBP Việt Nam và Văn phòng Tổng cục An ninh, Bộ An ninh Lào. 	Cục Trinh sát,Võ Tiến Nghị,Bộ An ninh Lào,hội đàm,Tổng cục An ninh,Bộ Quốc phòng Việt Nam,Bộ Tư lệnh BĐBP,Thiếu tướng,Cục Trinh sát BĐBP,Đoàn đại biểu,Đại tá,xâm canh,tình đoàn kết,quà lưu niệm,Chánh Văn phòng,hữu nghị,phản động,Văn phòng,Nghị định thư,Việt Nam-Lào
"Nhân dịp này, Phó Thủ tướng, Bộ trưởng Ngoại giao Bùi Thanh Sơn có cuộc trả lời phỏng vấn báo chí về kết quả chuyến công tác của Thủ tướng Phạm Minh Chính. - Thủ tướng Chính phủ Phạm Minh Chính và đoàn đại biểu cấp cao Việt Nam đã hoàn thành tốt đẹp chuyến công tác tham dự Hội nghị các nhà lãnh đạo Nhóm BRICS mở rộng tại Kazan, Liên bang Nga. Xin Phó Thủ tướng, Bộ trưởng chia sẻ về kết quả của chuyến công tác? Phó Thủ tướng, Bộ trưởng Ngoại giao Bùi Thanh Sơn: Thủ tướng Chính phủ Phạm Minh Chính vừa kết thúc tốt đẹp chuyến công tác tham dự Hội nghị các nhà lãnh đạo Nhóm BRICS mở rộng năm 2024 với chủ đề ""BRICS và Nam bán cầu: Cùng xây dựng một thế giới tốt đẹp hơn"" theo lời mời của Tổng thống Liên bang Nga Vladimir Putin, nước Chủ tịch BRICS năm 2024. Hội nghị có sự tham dự của hơn 40 lãnh đạo, đại diện các nước thành viên BRICS và khách mời, trong đó có đại diện của các nước đang phát triển tại Đông Nam Á, Trung Đông, châu Phi và Mỹ Latinh. Đây là hoạt động quan trọng nhằm triển khai hiệu quả đường lối đối ngoại nhất quán của Việt Nam là độc lập, tự chủ, đa phương hóa, đa dạng hóa quan hệ đối ngoại, là bạn, là đối tác tin cậy, là thành viên có trách nhiệm của cộng động quốc tế cũng như chủ trương đẩy mạnh và nâng tầm đối ngoại đa phương. Chuyến công tác của Thủ tướng Chính phủ đã đạt những kết quả quan trọng như sau: Thứ nhất, thể hiện trách nhiệm của Việt Nam đối với các nỗ lực chung toàn cầu. Cùng với việc chủ động tham gia, đóng góp tích cực tại ASEAN, Liên Hợp Quốc, các cơ chế APEC, G7, G20… và các cơ chế đa phương khác. Việt Nam đã thể hiện rõ tinh thần tích cực, chủ động, trách nhiệm đối với cộng đồng quốc tế. Tại Hội nghị, Thủ tướng Chính phủ đã nhấn mạnh cách tiếp cận toàn dân, toàn cầu, toàn diện, các nguyên tắc nền tảng trong quan hệ quốc tế, đề cao chủ nghĩa đa phương, đoàn kết quốc tế nhằm thúc đẩy hòa bình, ổn định, hóa giải thách thức, chuyển cơ hội, tiềm năng thành các động lực mới phục vụ phát triển. Thứ hai, đề cao tinh thần hợp tác. Với nhận định sâu sắc về kỷ nguyên mới - kỷ nguyên kết nối và hội nhập sâu rộng, kỷ nguyên công nghệ thông minh và đổi mới sáng tạo, cũng như trước thách thức chưa từng có mà nhân loại đang phải đối diện, Thủ tướng Chính phủ kêu gọi BRICS thúc đẩy “năm kết nối chiến lược” về nguồn lực, hạ tầng chiến lược cả về hạ tầng cứng và hạ tầng mềm, chuỗi cung ứng toàn cầu, con người với con người và kết nối trong cải cách các cơ chế quản trị toàn cầu. Việt Nam sẵn sàng cùng BRICS và cộng đồng quốc tế hợp tác để thực hiện mục tiêu cao cả về xây dựng một thế giới tốt đẹp hơn. Thứ ba, khẳng định vị thế của Việt Nam trên trường quốc tế. Phát biểu của Thủ tướng Chính phủ tại Hội nghị đã chuyển tải những thông điệp mạnh mẽ về một Việt Nam bản lĩnh, tự chủ, tự tin, tự lực, tự cường, tự hào dân tộc, đang trên đà vươn mình phát triển kinh tế - xã hội năng động; khẳng định vị thế, tư duy chiến lược trong việc giải quyết các vấn đề toàn cầu. Các nhận định, cách tiếp cận và đề xuất của Thủ tướng Chính phủ được lãnh đạo và đại biểu các nước hoan nghênh, đánh giá cao, đóng góp thiết thực vào kết quả chung của hội nghị. - Thủ tướng Phạm Minh Chính đã có các cuộc hội đàm với Tổng thống Nga và nhiều cuộc gặp gỡ, trao đổi với lãnh đạo các nước tham dự hội nghị. Xin ông cho biết kết quả từ những hoạt động này? Trong thời gian tham dự hội nghị, Thủ tướng Phạm Minh Chính có gần 30 hoạt động tiếp xúc song phương với Nga và gặp gỡ, tiếp xúc với nhiều lãnh đạo các nước thành viên BRICS, khách mời tham dự hội nghị nhằm tiếp tục thúc đẩy quan hệ mọi mặt với các nước, các tổ chức quốc tế đi vào chiều sâu, thực chất và hiệu quả. Thủ tướng Phạm Minh Chính có cuộc hội đàm cùng Tổng thống Nga Vladimir Putin, tiếp Phó Thủ tướng Alexander Novak cùng nhiều Bộ trưởng và các tập đoàn lớn của Nga. Lãnh đạo hai bên đã trao đổi nhiều nội dung hợp tác sâu rộng, thực chất nhằm tiếp tục làm sâu sắc hơn nữa quan hệ Đối tác chiến lược toàn diện Việt Nam - Nga, hướng tới kỷ niệm 75 năm thiết lập quan hệ ngoại giao vào năm 2025. Thứ nhất, Lãnh đạo cấp cao hai nước tái khẳng định mối quan hệ hữu nghị, truyền thống lâu đời, son sắt đã được các thế hệ lãnh đạo và nhân dân hai nước dày công vun đắp, là nền tảng quan trọng giúp quan hệ Đối tác chiến lược toàn diện Việt Nam - Nga tiếp tục phát triển mạnh mẽ, ngày càng đi vào chiều sâu, bền vững vì lợi ích của nhân dân hai nước và đóng góp vào hòa bình, hợp tác, phát triển ở khu vực và trên thế giới. Thứ hai, hai bên trao đổi sâu rộng về định hướng phát triển quan hệ song phương trên các lĩnh vực. Về chính trị - ngoại giao, tiếp tục đẩy mạnh tin cậy chính trị thông qua tăng cường tiếp xúc, trao đổi đoàn các cấp, đặc biệt ở cấp cao. Về kinh tế - thương mại, hai bên thông qua Kế hoạch hợp tác Việt Nam - Nga đến năm 2030, nhất trí nâng cao hiệu quả của các cơ chế hợp tác song phương, cùng khai thác tối đa Hiệp định thương mại tự do Việt Nam - Liên minh kinh tế Á - Âu nhằm tạo thuận lợi hơn cho thương mại song phương, tiếp tục triển khai hiệu quả các dự án quan trọng, đẩy mạnh hợp tác về đầu tư, nhất là cơ sở hạ tầng, năng lượng. Bên cạnh các lĩnh vực hợp tác truyền thống, hai bên thống nhất tăng cường hợp tác trong các lĩnh vực khoa học - công nghệ và đổi mới sáng tạo, chuyển đổi xanh, chuyển đổi số, giáo dục - đào tạo, văn hóa và du lịch… Thứ ba, hai bên khẳng định tiếp tục phối hợp chặt chẽ và ủng hộ lẫn nhau tại các diễn đàn quốc tế và khu vực; ủng hộ hệ thống quan hệ quốc tế công bằng, dựa trên luật pháp quốc tế và Hiến chương Liên hợp quốc, giải quyết hòa bình các tranh chấp, không can thiệp vào công việc nội bộ của nhau. Tại các cuộc gặp gỡ, tiếp xúc với các nước, các tổ chức quốc tế, lãnh đạo các nước đánh giá cao thành tựu phát triển và vị thế ngày càng cao của Việt Nam trên trường quốc tế; khẳng định coi trọng và mong muốn tăng cường hơn nữa quan hệ mọi mặt với Việt Nam. Thủ tướng Chính phủ và lãnh đạo các nước nhất trí ưu tiên tăng cường trao đổi đoàn các cấp, tăng cường hợp tác kinh tế, thương mại và đầu tư; khẳng định quyết tâm cùng nhau mở rộng hợp tác trên các lĩnh vực quốc phòng - an ninh, giáo dục - đào tạo, lao động, khoa học - công nghệ, văn hóa, giao lưu nhân dân và các lĩnh vực hợp tác mới, như chuyển đổi số, chuyển đổi xanh, kinh tế tuần hoàn, kinh tế tri thức… Thời gian tới, các bộ, ngành, địa phương của Việt Nam sẽ tích cực phối hợp với các đối tác quốc tế để rà soát, đôn đốc thực hiện các thỏa thuận, cam kết; triển khai các biện pháp tháo gỡ các điểm nghẽn, nút thắt trong hợp tác; nghiên cứu, đề xuất các lĩnh vực, biện pháp hợp tác mới phù hợp với nhu cầu, lợi ích của các bên và đóng góp thiết thực vào việc thực hiện các mục tiêu phát triển của đất nước trong giai đoạn mới. Có thể nói, chỉ trong 30 giờ với hơn 25 hoạt động liên tục, chuyến công tác tham dự Hội nghị các nhà Lãnh đạo BRICS mở rộng và làm việc tại Nga của Thủ tướng Chính phủ Phạm Minh Chính đã thành công tốt đẹp cả về đa phương và song phương. Kết quả tham dự hội nghị, hội đàm với Tổng thống Nga Putin và các hoạt động song phương của Thủ tướng Phạm Minh Chính với lãnh đạo các nước trong dịp này một lần nữa khẳng định tính đúng đắn của đường lối đối ngoại của Đại hội Đảng toàn quốc lần thứ XIII; góp phần tiếp tục củng cố cục diện đối ngoại thuận lợi, nâng cao vị thế của đất nước, huy động tối đa các nguồn lực quốc tế để phục vụ phát triển. - Trân trọng cảm ơn ông! "	BRICS,Phạm Minh Chính,Liên bang Nga,Kazan,Thủ tướng,Bùi Thanh Sơn,nhà lãnh đạo,Thủ tướng Chính phủ,hội nghị,tốt đẹp,hội đàm,Đoàn đại biểu,cấp cao,Tổng thống Nga,đa phương,Vladimir Putin,Mỹ Latinh,toàn cầu,đối ngoại,Nam bán cầu
Việc ký kết nhằm cụ thể hóa các nội dung về phương thức thông báo, phối hợp hiệp đồng giữa Ban chỉ huy Phòng thủ dân sự tỉnh Lâm Đồng và Tổng công ty Quản lý bay Việt Nam, nhằm đảm bảo công tác phối hợp tìm kiếm, cứu nạn tàu bay hàng không dân dụng và tàu bay vận tải quân sự trong khu vực tỉnh Lâm Đồng được triển khai nhanh chóng, kịp thời, đạt hiệu quả cao nhất, giảm thiểu tối đa thiệt hại về người và tài sản khi có tàu bay hàng không dân dụng và tàu bay vận tải quân sự lâm nguy, lâm nạn. Hai bên thống nhất nội dung phối hợp gồm: Phối hợp và thực hiện công tác tìm kiếm, cứu nạn khi có tàu bay lâm nguy, lâm nạn trong khu vực địa giới hành chính của tỉnh Lâm Đồng; phối hợp xác định khu vực ưu tiên tìm kiếm, xây dựng và triển khai thực hiện phương án tìm kiếm cứu nạn và kế hoạch bay tìm kiếm cứu nạn theo phê duyệt của Ủy ban Quốc gia ứng phó sự cố thiên tai và tìm kiếm cứu nạn; trao đổi thông tin, tài liệu liên quan đến công tác tìm kiếm, cứu nạn hàng không giữa hai bên; tổ chức tuyên truyền, bồi dưỡng nghiệp vụ, huấn luyện về công tác tìm kiếm, cứu nạn hàng không; xây dựng kế hoạch và tổ chức luyện tập, diễn tập tìm kiếm, cứu nạn hàng không trên địa bàn tỉnh Lâm Đồng; hỗ trợ lực lượng, phương tiện, trang thiết bị phục vụ công tác tìm kiếm, cứu nạn hàng không khi được yêu cầu. Công tác phối hợp được thực hiện trên nguyên tắc tuân thủ chặt chẽ phương châm “4 tại chỗ” gồm: Chỉ huy tại chỗ; lực lượng tại chỗ; phương tiện, vật tư tại chỗ; hậu cần tại chỗ. Đảm bảo sự chỉ huy, chỉ đạo điều hành tập trung, thống nhất giữa Ban chỉ huy Phòng thủ dân sự tỉnh Lâm Đồng và Tổng công ty Quản lý bay Việt Nam. Tuân thủ các quy định của pháp luật về phòng thủ dân sự; tổ chức, hoạt động ứng phó sự cố và tìm kiếm cứu nạn hàng không dân dụng. 	phòng thủ dân sự,Lâm Đồng,cứu nạn,hàng không,phối hợp công tác,lâm nạn,lâm nguy,Ban Chỉ huy,tàu bay,tìm kiếm,dân dụng,Đà Lạt,hiệp đồng,ký kết,địa giới,phối hợp,cụ thể hóa,trên nguyên tắc,vận tải,hiệu quả cao
Tham dự có 100 đại biểu là đại diện lãnh đạo và cán bộ được phân công trực tiếp phụ trách công tác đối ngoại, cán bộ tài chính của các đơn vị trong toàn hệ thống Công đoàn Việt Nam. Phát biểu chỉ đạo tại hội nghị, ông Huỳnh Thanh Xuân - Phó Chủ tịch Tổng Liên đoàn Lao động Việt Nam đánh giá thời gian qua, các cấp công đoàn Việt Nam đã có nhiều nỗ lực nhằm tăng cường hoạt động đối ngoại, đẩy mạnh hợp tác quốc tế, đạt được nhiều kết quả quan trọng trong bối cảnh đất nước hội nhập ngày càng sâu rộng. Những kết quả trong công tác đối ngoại đã góp phần nâng cao uy tín và vị thế của Công đoàn Việt Nam trên trường quốc tế; góp phần xây dựng tổ chức công đoàn Việt Nam vững mạnh, đóng góp tích cực vào thành công chung của công tác đối ngoại nhân dân. Tuy nhiên, trong quá trình triển khai các hoạt động đối ngoại vẫn còn một số tồn tại, hạn chế, như: Việc tuân thủ Quy chế quản lý thống nhất hoạt động đối ngoại Công đoàn Việt Nam ở các cấp công đoàn có nơi, có lúc còn chưa nghiêm. Việc xây dựng kế hoạch hoạt động đối ngoại của một số đơn vị chưa hiệu quả, hoạt động phát sinh còn nhiều. Một số đơn vị còn lúng túng trong áp dụng chế độ chi tiêu tài chính cho đối ngoại. Hoạt động đối ngoại của các công đoàn ngành Trung ương, công đoàn tổng công ty trực thuộc Tổng Liên đoàn và các Liên đoàn lao động tỉnh, thành phố phát triển chưa đồng đều,... Những tồn tại, hạn chế nêu trên theo ông Huỳnh Thanh Xuân do nhiều nguyên nhân cả khách quan và chủ quan, trong đó một số nguyên nhân chủ quan chủ yếu là: Đội ngũ cán bộ đối ngoại tuy có bước trưởng thành nhưng chưa tương xứng với yêu cầu nhiệm vụ, còn thiếu cả về số lượng, kinh nghiệm và các kỹ năng để đáp ứng điều kiện hội nhập trong tình hình mới. Nhận thức ở một bộ phận cán bộ lãnh đạo các đơn vị, cán bộ công đoàn về công tác đối ngoại chưa thật đầy đủ, sâu sắc. Phó Chủ tịch Tổng Liên đoàn Lao động Việt Nam bày tỏ mong muốn qua hội nghị sẽ góp phần giải quyết những vấn đề tồn tại để không ngừng nâng cao kết quả hoạt động đối ngoại trong tình hình mới. Tại hội nghị, bà Phạm Thị Mai Chi - Phó Vụ trưởng phụ trách Vụ Đối ngoại nhân dân, Ban Đối ngoại Trung ương đã trình bày với các đại biểu thông tin về về tình hình quốc tế, khu vực và quan hệ đối ngoại của Việt Nam, về chủ trương, đường lối, chính sách của Đảng và Nhà nước về công tác Đối ngoại nhân dân trong tình hình mới và những vấn đề cần lưu ý. Ngoài ra, các đại biểu còn được nghe giới thiệu hướng dẫn liên quan đến ký kết thỏa thuận hợp tác với các đối tác nước ngoài; chủ trương, định hướng đối ngoại của Công đoàn Việt Nam trong tình hình mới; Hướng dẫn xây dựng Kế hoạch hoạt động đối ngoại năm 2025… Các đại biểu còn trao đổi kinh nghiệm thực tiễn trong hoạt động đối ngoại công đoàn để góp phần nâng cao hiệu quả trong thời gian tới. 	Công đoàn Việt Nam,cán bộ công đoàn,Huỳnh Thanh Xuân,đối ngoại,Tổng Liên đoàn Lao động Việt Nam,Ban Đối ngoại,tập huấn,Công đoàn,Đà Lạt,hội nghị,phụ trách công tác,Tổng Liên đoàn,tăng cường hoạt động,nguyên nhân chủ quan,Vụ trưởng,công tác,hợp tác quốc tế,đại biểu,xây dựng kế hoạch,trường quốc tế
Việc ký kết nhằm cụ thể hóa các nội dung về phương thức thông báo, phối hợp hiệp đồng giữa Ban Chỉ huy Phòng thủ dân sự tỉnh Lâm Đồng và Tổng công ty Quản lý bay Việt Nam để đảm bảo công tác phối hợp tìm kiếm, cứu nạn tàu bay hàng không dân dụng và tàu bay vận tải quân sự trong khu vực trách nhiệm địa giới hành chính của tỉnh Lâm Đồng được triển khai nhanh chóng, kịp thời, đạt hiệu quả cao nhất, giảm thiểu tối đa thiệt hại về người và tài sản khi có tàu bay hàng không dân dụng và tàu bay vận tải quân sự (sau đây viết tắt là tàu bay) lâm nguy, lâm nạn. Hai bên thống nhất nội dung phối hợp gồm: Phối hợp và thực hiện công tác tìm kiếm, cứu nạn khi có tàu bay lâm nguy, lâm nạn trong khu vực địa giới hành chính của tỉnh Lâm Đồng; Phối hợp trong việc xác định khu vực ưu tiên tìm kiếm; xây dựng và triển khai thực hiện phương án tìm kiếm cứu nạn và kế hoạch bay tìm kiếm cứu nạn theo phê duyệt của Ủy ban Quốc gia Ứng phó sự cố thiên tai và tìm kiếm cứu nạn (tổ chức chỉ huy, điều động lực lượng, phương tiện, trang thiết bị theo yêu cầu...); Trao đổi thông tin, tài liệu liên quan đến công tác tìm kiếm, cứu nạn hàng không giữa hai bên; Phối hợp tổ chức tuyên truyền, bồi dưỡng nghiệp vụ, huấn luyện về công tác tìm kiếm, cứu nạn hàng không; Phối hợp xây dựng kế hoạch và tổ chức luyện tập, diễn tập tìm kiếm, cứu nạn hàng không trên địa bàn tỉnh Lâm Đồng; Hỗ trợ lực lượng, phương tiện, trang thiết bị phục vụ công tác tìm kiếm, cứu nạn hàng không khi được yêu cầu. Công tác phối hợp được thực hiện trên nguyên tắc: Tuân thủ chặt chẽ phương châm “4 tại chỗ”: Chỉ huy tại chỗ; lực lượng tại chỗ; phương tiện, vật tư tại chỗ; hậu cần tại chỗ. Đảm bảo sự chỉ huy, chỉ đạo điều hành tập trung, thống nhất giữa Ban Chỉ huy Phòng thủ dân sự tỉnh Lâm Đồng và Tổng công ty Quản lý bay Việt Nam về công tác phối hợp tìm kiếm, cứu nạn hàng không theo nguyên tắc phối hợp cùng cấp, cùng địa bàn, khu vực và thực hiện theo sự chỉ đạo của cấp trên trực tiếp của mỗi đơn vị. Tuân thủ các quy định của pháp luật về phòng thủ dân sự; tổ chức, hoạt động ứng phó sự cố và tìm kiếm cứu nạn hàng không dân dụng. Quan hệ giữa hai bên là quan hệ phối hợp, dựa trên nguyên tắc đảm bảo đúng chức năng nhiệm vụ, quyền hạn được giao; việc phối hợp thực hiện nhiệm vụ cần kịp thời, chính xác, không ảnh hưởng đến công tác chuyên môn nghiệp vụ của mỗi bên. Các lực lượng tham gia phối hợp phải chấp hành nghiêm sự chỉ huy, chỉ đạo thống nhất của người có thẩm quyền. Công tác tìm kiếm, cứu nạn hàng không tại khu vực tàu bay lâm nguy, lâm nạn phải khẩn trương, chủ động, kiên quyết và đúng quy định của pháp luật. Hai bên phải đảm bảo an toàn cho người, phương tiện khi tham gia công tác tìm kiếm, cứu nạn. Phát biểu tại hội nghị ký kết, ông Nguyễn Văn Tiến – Phó Tổng Giám đốc Tổng công ty Quản lý bay Việt Nam cho rằng: Yếu tố nhanh chóng, kịp thời và chính xác trong công tác ứng phó tai nạn tàu bay nói riêng và ứng phó trong công tác phòng chống thiên tai và tìm kiếm cứu nạn nói chung, có ý nghĩa vô cùng quan trọng, góp phần quyết định tới hiệu quả của công tác tìm kiếm cứu nạn. Trong hoạt động của mình Tổng công ty Quản lý bay Việt Nam còn gặp một số khó khăn trong công tác phối hợp với các cơ quan, tổ chức thuộc tỉnh, thành phố trực thuộc trung ương, các cấp bộ ngành trong hệ thống tìm kiếm cứu nạn Quốc gia. Để khắc phục các khó khăn này, việc tăng cường công tác phối hợp thông qua việc ký kết các văn bản hiệp đồng giữa các lực lượng tham gia tìm kiếm cứu nạn có ý nghĩa vô cùng quan trọng. Qua đó chúng ta sẽ nắm rõ vai trò chức năng nhiệm vụ, nắm được đầu mối liên lạc, quy trình, phương thức phối hợp, hiệp đồng thông báo của mình và các cơ quan đơn vị liên quan. Bằng việc ký kết văn bản hiệp đồng phối hợp công tác Tìm kiếm cứu nạn hàng không giữa Tổng công ty Quản lý bay Việt Nam và Ban Chỉ huy Phòng thủ dân sự tỉnh Lâm Đồng, công tác phối hợp và mối quan hệ tốt đẹp giữa hai bên sẽ được nâng lên một tầm cao mới, giúp chúng ta cùng hoàn thành tốt các nhiệm vụ chính trị mà Đảng và Nhà nước đã giao phó. Thay mặt Ban Chỉ huy Phòng thủ dân sự tỉnh Lâm Đồng, Đại tá Nguyễn Bình Sơn - Ủy viên Ban thường vụ Tỉnh ủy, Chỉ huy trưởng Bộ CHQS tỉnh Lâm Đồng nhấn mạnh: Văn bản hiệp đồng sẽ là cơ sở để các bên, đặc biệt là hai đầu mối phối hợp (Ban Chỉ huy Phòng thủ dân sự tỉnh Lâm Đồng và Tổng công ty Quản lý bay Việt Nam) thực hiện nhiệm vụ phối hợp công tác tìm kiếm cứu nạn hàng không. Ban Chỉ huy phòng thủ dân sự tỉnh sẽ quan tâm hướng dẫn, các đơn vị có liên quan nghiêm túc triển khai những nhiệm vụ theo phạm vi, chức năng, nắm rõ nhiệm vụ, quy trình, phương thức phối hợp, hiệp đồng thông báo của mình và các cơ quan đơn vị liên quan để công tác phối hợp hiệp đồng tìm kiếm cứu nạn được triển khai nhanh chóng, hiệu quả nhất khi có trường hợp tàu bay lâm nguy, lâm nạn xảy ra. 	phối hợp công tác,cứu nạn,hàng không,lâm nạn,ký kết,hiệp đồng,lâm nguy,tàu bay,khu vực trách nhiệm,tìm kiếm,Nguyễn Bình,Nguyễn Văn Tiến,phòng thủ dân sự,dân dụng,địa giới,Bộ CHQS tỉnh Lâm Đồng,Lâm Đồng,văn bản,Chỉ huy trưởng,Đà Lạt